CellId,CellLabel,XPosPixel,YPosPixel,ZPosPixel,XPosMicron,YPosMicron,ZPosMicron,CellAreaMicron2,jagged1b,lfng,dla,ccnd1,notch1a,hey1,pcna,her4,id1,notch3,ascl1a,Feat_regions,Cyto12_MeanIntensity,Cyto12_StdIntensity,Cyto12_MedianIntensity,Cyto12_MeanNormalisedIntensity,Cyto12_StdNormalisedIntensity,Cyto12_MedianNormalisedIntensity,Cyto12_SumIntensity,Cyto12_SumNormalizedIntensity,Cyto13_MeanIntensity,Cyto13_StdIntensity,Cyto13_MedianIntensity,Cyto13_MeanNormalisedIntensity,Cyto13_StdNormalisedIntensity,Cyto13_MedianNormalisedIntensity,Cyto13_SumIntensity,Cyto13_SumNormalizedIntensity,CellAreaInMicron2,Gs,Mcm2
2,2,2274.962109,694.0609555,23,470.9171565,143.6706178,9.2,26.009343,7,2,23,8,3,6,3,14,4,10,2,2,1266.412685,1224.748871,850,inf,inf,inf,3074850,nan,979.9217463,1195.145013,755.5,158051.8946,192765.3247,121854.8387,2379250,383750000,26.009343,neg,neg
3,3,2253.406068,715.0274314,23,466.4550561,148.0106783,9.2,103.094694,4,4,0,6,6,10,7,31,20,17,6,2,2363.399626,1500.24926,2014,inf,inf,inf,22745358,nan,765.5183915,837.1512296,521,123470.7083,135024.3919,84032.25806,7367349,1188282097,103.094694,low,neg
4,4,2209.15024,754.0342346,23,457.2940997,156.0850866,9.2,196.505514,8,4,5,5,7,9,2,16,21,18,5,2,4106.737026,2670.929791,3436.5,inf,inf,inf,75333984,inf,571.2033908,606.0442023,396,92129.57915,97749.06489,63870.96774,10478155,1690025000,196.505514,high,neg
5,5,2195.62253,793.7470356,23,454.4938636,164.3056364,9.2,21.681594,0,6,11,21,2,2,0,0,0,3,3,2,365.8858696,612.7330736,164.5,inf,inf,inf,740553,nan,786.1749012,1893.357629,383,126802.4034,305380.2628,61774.19355,1591218,256648064.5,21.681594,neg,neg
6,6,2148.73847,792.0522527,23,444.7888632,163.9548163,9.2,160.726599,7,5,3,1,7,17,6,16,18,16,13,2,5360.7498,3206.018809,5182,inf,inf,inf,80432690,nan,746.4146894,1470.232938,488,120389.466,237134.3448,78709.67742,11199206,1806323548,160.726599,high,neg
7,7,2240.757686,818.2370758,23,463.836841,169.3750747,9.2,188.149959,5,5,4,2,6,25,5,39,23,18,2,2,5246.204395,3332.311469,5112,inf,inf,inf,92144334,nan,807.9086199,792.6024934,583.5,130307.8419,127839.1118,94112.90323,14190107,2288726935,188.149959,high,neg
8,8,2189.295082,842.2870242,23,453.184082,174.353414,9.2,154.213551,9,8,5,1,4,11,3,14,18,15,7,2,5693.523965,2955.543906,5496,inf,inf,inf,81963971,nan,903.1840094,1407.629211,633,145674.8402,227036.9695,102096.7742,13002237,2097135000,154.213551,high,neg
9,9,2144.342384,849.8470199,23,443.8788735,175.9183331,9.2,64.70199,8,4,6,19,3,5,2,12,13,14,3,2,1852.515894,1710.030705,1102.5,inf,inf,inf,11189196,nan,2217.473179,1932.850684,1818.5,357656.9643,311750.1103,293306.4516,13393538,2160248065,64.70199,low,pos
10,10,2104.942515,822.3041916,23,435.7231006,170.2169677,9.2,71.55783,6,3,7,4,1,2,2,9,3,8,4,2,1174.858533,1229.33703,792,inf,inf,inf,7848055,nan,562.5505988,921.0018028,396,90733.96755,148548.6779,63870.96774,3757838,606102903.2,71.55783,low,neg
11,11,2083.934771,762.8876302,23,431.3744975,157.9177394,9.2,234.512577,10,15,6,5,6,14,3,13,19,29,3,2,6610.434725,3090.445111,6388,inf,inf,inf,144715637,inf,870.4934223,1074.331337,674,140402.1649,173279.2479,108709.6774,19056842,3073684194,234.512577,high,neg
12,12,2143.91254,731.4265176,23,443.7898958,151.4052891,9.2,107.293896,8,3,8,14,0,9,5,12,11,5,8,2,2487.833966,1914.291934,1910,inf,inf,inf,24918145,nan,756.8549321,2699.743519,339,122073.3761,435442.5031,54677.41935,7580659,1222686935,107.293896,high,neg
13,13,2093.916667,723.6666667,23,433.44075,149.799,9.2,0.514188,0,0,0,0,0,0,0,0,0,0,0,2,3080.833333,1060.084889,2846.5,inf,inf,inf,147880,inf,271.5,329.3735848,181,43790.32258,53124.77173,29193.54839,13032,2101935.484,0.514188,neg,neg
14,14,2074.625,721.4166667,23,429.447375,149.33325,9.2,1.028376,0,0,1,8,5,0,0,0,0,0,0,2,2536.145833,1862.318185,2108,inf,inf,inf,243470,inf,631.5729167,437.4288929,562.5,101866.5995,70553.04724,90725.80645,60631,9779193.548,1.028376,neg,neg
15,15,2101.86413,710.4402174,23,435.085875,147.061125,9.2,7.884216,0,2,3,0,1,0,1,26,0,3,1,2,547.3546196,476.0949942,423,inf,inf,inf,402853,nan,1985.703804,1399.34296,1634.5,320274.8072,225700.4774,263629.0323,1461478,235722258.1,7.884216,neg,pos
16,16,2087.477987,707.5566038,23,432.1079434,146.464217,9.2,27.251964,3,14,6,0,0,2,0,12,0,6,3,2,1537.83923,1426.67391,1097,inf,inf,inf,3912263,nan,1589.235063,2065.822527,1198,256328.236,333197.1817,193225.8065,4043014,652099032.3,27.251964,low,pos
17,17,2077.130167,686.0343008,23,429.9659446,142.0091003,9.2,48.719313,2,3,6,2,7,4,2,25,2,19,3,2,2383.986368,1755.936473,1893,inf,inf,inf,10842370,nan,789.7935356,974.4073637,585.5,127386.0541,157162.478,94435.48387,3591981,579351774.2,48.719313,low,neg
18,18,2054.617849,684.1098398,23,425.3058947,141.6107368,9.2,18.725013,2,1,10,1,2,2,1,24,0,4,0,2,909.8867277,830.4497422,669.5,inf,inf,inf,1590482,nan,1433.47254,909.6231031,1253,231205.2484,146713.4037,202096.7742,2505710,404146774.2,18.725013,neg,pos
19,19,2022.915984,720.4524963,23,418.7436086,149.1336667,9.2,230.013432,11,7,2,9,4,9,5,28,16,25,4,2,4931.44919,3256.25669,4172,inf,inf,inf,105888077,nan,628.6908532,564.4239303,478,101401.7505,91036.1178,77096.77419,13499250,2177298387,230.013432,high,neg
20,20,1960.435222,705.5203675,21,405.810091,146.0427161,8.4,139.901985,8,7,0,10,9,7,4,13,8,13,7,2,2982.216233,2376.310844,2218,inf,inf,inf,38947744,nan,597.143951,825.9755941,422,96313.54048,133221.87,68064.51613,7798700,1257854839,139.901985,high,neg
21,21,1932.207101,677.8224852,21,399.9668698,140.3092544,8.4,7.241481,0,5,13,18,4,0,0,3,1,1,1,2,1634.643491,1323.966942,1200,inf,inf,inf,1105019,inf,1052.463018,570.8170103,953.5,169752.0996,92067.25973,153790.3226,711465,114752419.4,7.241481,neg,pos
22,22,1948.123881,663.2447761,21,403.2616433,137.2916687,8.4,57.41766,6,7,0,2,5,4,2,28,5,18,4,2,1383.485821,1263.830427,923,inf,inf,inf,7415484,inf,613.3225746,598.2298436,454,98922.99591,96488.68445,73225.80645,3287409,530227258.1,57.41766,low,neg
23,23,1952.299351,755.5864834,21,404.1259656,156.4064021,8.4,112.221531,5,4,6,4,4,4,2,17,18,18,4,2,2091.5273,1334.56788,1752.5,inf,inf,inf,21910840,nan,583.659412,673.0228939,415,94138.61484,108552.0797,66935.48387,6114416,986196129,112.221531,low,neg
24,24,1922.295455,742.1022727,21,397.9151591,153.6151705,8.4,7.541424,1,12,15,7,8,0,0,2,0,3,20,2,1781.009943,1084.52131,1538.5,inf,inf,inf,1253831,inf,2474.232955,3646.624299,1470,399069.8314,588165.2095,237096.7742,1741860,280945161.3,7.541424,neg,pos
25,25,1913.491713,748.4254144,21,396.0927845,154.9240608,8.4,7.755669,0,23,9,14,7,0,0,34,4,3,0,2,1566.350829,1102.589251,1312.5,inf,inf,inf,1134038,nan,2866.696133,2756.733032,2296.5,462370.344,444634.3599,370403.2258,2075488,334756129,7.755669,low,pos
26,26,1915.372549,721.1818182,21,396.4821176,149.2846364,8.4,48.076578,5,0,0,5,5,2,0,5,4,11,2,2,2682.23418,1851.873915,2232,inf,inf,inf,12037867,nan,1217.152629,868.4824837,1014,196314.9402,140077.82,163548.3871,5462581,881061451.6,48.076578,low,pos
27,27,1969.841408,793.0592133,21,407.7571714,164.1632571,8.4,103.480335,8,7,1,5,4,2,2,3,6,15,2,2,1479.689752,1133.609157,1138.5,inf,inf,inf,14293803,nan,514.0483437,444.4210331,409,82911.02318,71680.8118,65967.74194,4965707,800920483.9,103.480335,low,neg
28,28,1939.711538,784.4807692,21,401.5202885,162.3875192,8.4,2.228148,0,6,2,18,7,0,0,11,0,1,0,2,2850.913462,2807.098698,1665,inf,inf,inf,592990,inf,786.4326923,481.8444084,724,126843.9826,77716.84007,116774.1935,163578,26383548.39,2.228148,neg,neg
29,29,2029.508951,813.1541667,23,420.1083528,168.3229125,9.2,277.66152,14,10,5,3,10,14,5,22,13,21,5,2,4436.810494,3162.461602,3663,inf,inf,inf,115002128,nan,665.0719522,773.9660382,502,107269.6697,124833.232,80967.74194,17238665,2780429839,277.66152,high,neg
30,30,2081.043419,854.6042048,23,430.7759877,176.9030704,9.2,93.753612,4,3,1,1,2,5,4,14,9,5,4,2,1827.902537,1255.696107,1575,inf,inf,inf,15997803,nan,522.3086152,492.5350473,386,84243.32503,79441.13666,62258.06452,4571245,737297580.6,93.753612,low,neg
31,31,2123.3751,879.301676,23,439.5386457,182.0154469,9.2,53.689797,2,6,12,10,2,4,0,16,4,7,2,2,1671.997805,1607.031952,1050,inf,inf,inf,8380053,nan,2269.839785,1466.92601,2038,366103.1911,236600.9693,328709.6774,11376437,1834909194,53.689797,low,pos
32,32,2081.869136,897.962963,23,430.9469111,185.8783333,9.2,104.12307,7,3,3,3,3,8,3,14,8,11,3,2,1670.841049,1575.684279,1237,inf,inf,inf,16240575,nan,353.0789095,413.2485263,226,56948.2112,66652.98811,36451.6129,3431927,553536612.9,104.12307,low,neg
33,33,2110.602941,919.6896285,23,436.8948088,190.3757531,9.2,55.360908,6,0,1,4,0,3,1,4,4,14,0,2,1408.741873,1110.678412,1155,inf,inf,inf,7280378,nan,456.5878483,497.5807545,295,73643.20134,80254.9604,47580.64516,2359646,380588064.5,55.360908,low,neg
34,34,2119.751397,938.8715084,23,438.7885391,194.3464022,9.2,15.339942,1,14,0,3,1,2,1,20,5,6,1,2,1021.189944,839.6250619,732,inf,inf,inf,1462344,nan,1464.548184,1650.70663,1125.5,236217.4491,266243.0049,181532.2581,2097233,338263387.1,15.339942,neg,pos
35,35,2073.258306,961.3390879,23,429.1644694,198.9971912,9.2,131.54643,6,10,1,8,4,17,2,26,22,18,5,2,3929.002606,2605.094445,3584.5,inf,inf,inf,48248152,nan,765.0205212,1101.656505,490,123390.4066,177686.5331,79032.25806,9394452,1515234194,131.54643,high,neg
36,36,2038.750122,940.0679707,23,422.0212753,194.5940699,9.2,87.626205,4,5,1,15,3,4,9,10,11,10,4,2,1592.426895,1123.492713,1335,inf,inf,inf,13026052,nan,576.040709,972.3602611,325,92909.79178,156832.3002,52419.35484,4712013,760002096.8,87.626205,low,neg
37,37,2020.229437,926.8917749,23,418.1874935,191.8665974,9.2,9.898119,1,15,9,2,3,0,0,2,0,4,0,2,662.2218615,592.8648415,485.5,inf,inf,inf,611893,nan,618.1038961,347.8861274,560.5,99694.17679,56110.6657,90403.22581,571128,92117419.35,9.898119,neg,pos
38,38,2037.286765,885.6780462,23,421.7183603,183.3353556,9.2,81.584496,5,6,5,16,5,2,5,3,6,11,1,2,1557.885242,1141.468192,1278,inf,inf,inf,11864854,nan,498.8500525,722.0315047,334,80459.68589,116456.6943,53870.96774,3799242,612780967.7,81.584496,low,neg
39,39,2173.737439,913.4863963,23,449.96365,189.091684,9.2,256.708359,16,9,6,8,10,19,4,35,19,26,13,2,4604.271532,2796.592042,4606.5,inf,inf,inf,110336763,nan,716.8481055,713.1241959,526,115620.6622,115020.0316,84838.70968,17178548,2770733548,256.708359,high,neg
40,40,2083.591761,1018.179261,23,431.3034946,210.7631071,9.2,150.82848,5,9,4,2,7,22,2,54,27,41,2,2,3153.338707,2316.505253,2562,inf,inf,inf,44399009,nan,1012.544389,1158.970143,671.5,163313.6112,186930.6682,108306.4516,14256625,2299455645,150.82848,high,neg
41,41,2129.414275,971.3705165,23,440.788755,201.0736969,9.2,119.463012,5,6,7,6,6,11,9,38,20,26,2,2,3751.692253,2279.273319,3445,inf,inf,inf,41838872,inf,874.0262733,745.7968649,686,140971.9796,120289.8169,110645.1613,9747141,1572119516,119.463012,high,neg
42,42,2182.472138,991.0489625,23,451.7717326,205.1471352,9.2,183.779361,14,1,1,0,11,13,7,51,21,31,7,2,4080.134822,3129.506694,3388,inf,inf,inf,69998793,nan,811.1732921,729.4281642,612,130834.402,117649.7039,98709.67742,13916489,2244595000,183.779361,high,neg
43,43,2132.650407,1021.14384,23,441.4586341,211.3767749,9.2,68.515551,7,5,2,0,3,10,5,23,8,27,0,2,2580.083959,1930.285214,1937.5,inf,inf,inf,16502217,inf,629.7232645,655.7148292,444,101568.2685,105760.4563,71612.90323,4027710,649630645.2,68.515551,high,neg
44,44,2107.314917,1051.309392,23,436.2141878,217.6210442,9.2,15.511338,8,12,0,2,0,1,0,2,5,9,11,2,1091.559392,982.086101,776,inf,inf,inf,1580578,nan,1653.39779,1423.693569,1232,266677.0629,229627.995,198709.6774,2394120,386148387.1,15.511338,neg,neg
45,45,2089.061611,1060.791469,23,432.4357536,219.5838341,9.2,27.123417,5,1,21,38,9,1,42,2,1,9,4,2,1342.799763,1214.870645,960,inf,inf,inf,3399969,nan,4309.563191,3753.862719,3709,695090.8373,605461.7288,598225.8065,10911814,1759970000,27.123417,low,pos
46,46,2242.371592,897.4910413,23,464.1709195,185.7806455,9.2,165.011499,8,3,2,4,7,28,8,51,16,23,2,2,4930.073293,2442.55312,4516,inf,inf,inf,75942849,inf,792.9471566,730.862944,611,127894.7027,117881.12,98548.3871,12214558,1970090000,165.011499,high,neg
47,47,2280.617955,858.8229426,23,472.0879167,177.7763491,9.2,85.912245,5,6,0,0,2,11,2,32,21,20,4,2,4582.741397,3224.514482,4361.5,inf,inf,inf,36753586,nan,652.555611,595.3301126,493,105250.905,96020.9859,79516.12903,5233496,844112258.1,85.912245,high,neg
48,48,2277.483333,889.75,23,471.43905,184.17825,9.2,2.57094,0,0,0,0,0,0,0,1,0,4,0,2,6773.525,2534.346882,6619.5,inf,inf,inf,1625646,inf,952.0041667,630.797739,822.5,153549.0591,101741.5708,132661.2903,228481,36851774.19,2.57094,neg,pos
49,49,2280.594595,884.5675676,23,472.0830811,183.1054865,9.2,1.585413,0,7,10,0,0,0,0,0,0,0,0,2,6618.966216,2705.328077,5938,inf,inf,inf,979607,inf,630.25,450.7588328,556,101653.2258,72703.03755,89677.41935,93277,15044677.42,1.585413,neg,pos
50,50,2295.705882,895.1988796,23,475.2111176,185.3061681,9.2,45.891279,2,3,2,9,3,1,2,17,9,11,0,2,2281.965686,2389.246541,1634.5,inf,inf,inf,9775941,inf,566.0140056,440.6438999,471,91292.58155,71071.59675,75967.74194,2424804,391097419.4,45.891279,high,neg
51,51,2294.251771,941.0669672,23,474.9101165,194.8008622,9.2,133.088994,8,3,4,7,3,15,3,31,21,19,3,2,3962.97207,2507.825519,3475,inf,inf,inf,49235965,nan,597.0843529,546.8647227,449,96303.92788,88203.98753,72419.35484,7418176,1196480000,133.088994,high,neg
52,52,2238.409139,952.0706695,23,463.3506918,197.0786286,9.2,80.641818,8,4,3,2,3,13,2,5,4,11,0,2,1716.058714,1806.686729,1064.5,inf,inf,inf,12918490,nan,520.8010096,498.9977223,385,84000.16283,80483.5036,62096.77419,3920590,632353225.8,80.641818,low,neg
53,53,2232.022753,980.5676906,23,462.0287099,202.9775119,9.2,37.664271,2,5,1,3,4,3,1,10,11,8,4,2,677.9675768,713.3323588,421,inf,inf,inf,2383734,nan,815.4209329,1119.276676,604.5,131519.5053,180528.4961,97500,2867020,462422580.6,37.664271,low,neg
54,54,2247.074004,1006.411765,24,465.1443188,208.3272353,9.6,22.581423,3,9,3,11,1,1,2,2,2,6,4,2,1217.935484,1013.598989,910,inf,inf,inf,2567408,nan,490.2813093,480.3899222,359,79077.63053,77482.24551,57903.22581,1033513,166695645.2,22.581423,neg,neg
55,55,2221.958046,1015.808621,24,459.9453155,210.2723845,9.6,74.55726,4,4,1,2,2,5,4,18,4,18,3,2,2938.450862,2062.730994,2448,inf,inf,inf,20451618,nan,569.1637931,519.9702557,428,91800.61179,83866.17028,69032.25806,3961380,638932258.1,74.55726,high,neg
56,56,2281.827586,994.8127175,23,472.3383103,205.9262325,9.2,135.445689,6,4,3,0,7,13,7,17,13,25,7,2,4571.696931,2410.629646,4456,inf,inf,inf,57804536,nan,821.3311452,783.0111442,650.5,132472.7654,126292.12,104919.3548,10384911,1674985645,135.445689,high,neg
57,57,2209.24835,1054.162567,24,457.3144085,218.2116515,9.6,71.429283,2,4,0,1,1,3,1,12,3,15,7,2,3054.927265,1972.115321,2570,inf,inf,inf,20370255,inf,776.0574385,908.9098762,540.5,125170.5546,146598.3671,87177.41935,5174751,834637258.1,71.429283,high,neg
58,58,2185.094972,1046.871508,23,452.3146592,216.7024022,9.2,7.669971,1,0,5,9,9,3,20,0,1,7,0,2,1314.850559,739.5735985,1170.5,inf,inf,inf,941433,nan,2286.642458,2107.009871,1488,368813.2997,339840.3018,240000,1637236,264070322.6,7.669971,neg,pos
59,59,2180.368078,1058.296417,23,451.3361922,219.0673583,9.2,13.154643,0,1,0,0,0,4,0,26,4,17,0,2,1097.560261,765.5293769,884,inf,inf,inf,1347804,inf,2175.678339,1296.840183,1943.5,350915.8611,209167.7714,313467.7419,2671733,430924677.4,13.154643,neg,pos
60,60,2254.309945,1048.129347,24,466.6421586,216.9627749,9.6,70.229511,5,2,1,3,7,7,7,9,2,17,12,2,2857.524253,2041.168277,2266,inf,inf,inf,18733929,inf,461.4177852,445.5643768,352,74422.22342,71865.22207,56774.19355,3025055,487912096.8,70.229511,high,neg
61,61,2306.867912,1056.418814,24,477.5216579,218.6786946,9.6,199.504944,6,14,2,9,10,16,18,23,23,26,3,2,5146.690614,3037.086751,4940,inf,inf,inf,95851966,inf,2829.076085,2360.291261,2132,456302.5943,380692.1388,343870.9677,52688713,8498179516,199.504944,high,pos
62,62,2363.963118,1059.13663,24,489.3403655,219.2412825,9.6,51.118857,1,3,1,2,1,2,3,13,6,8,1,2,1245.018441,1470.933803,741,inf,inf,inf,5941228,nan,637.7546102,1352.067946,409.5,102863.6468,218075.4752,66048.3871,3043365,490865322.6,51.118857,low,neg
63,63,2254.419636,1093.226909,24,466.6648647,226.2979702,9.6,58.917375,0,6,4,16,2,3,1,6,5,9,5,2,2186.970364,1894.466928,1489.5,inf,inf,inf,12028337,nan,516.9703636,1310.610625,300,83382.31672,211388.8105,48387.09677,2843337,458602741.9,58.917375,high,neg
64,64,2216.789222,1096.709691,24,458.875369,227.0189061,9.6,98.595549,4,6,12,22,4,8,1,12,8,14,5,2,2496.340504,2035.060751,1767,inf,inf,inf,22976318,nan,501.1292916,958.886391,317,80827.3051,154659.0953,51129.03226,4612394,743934516.1,98.595549,high,neg
65,65,1889.547906,743.0441767,21,391.1364165,153.8101446,8.4,74.685807,6,3,0,2,7,5,4,5,14,14,1,2,1091.504303,1147.827835,722,inf,inf,inf,7609968,nan,718.3552783,1285.002116,405,115863.7546,207258.4059,65322.58065,5008373,807802096.8,74.685807,low,neg
66,66,1856.265233,734.2353644,21,384.2469032,151.9867204,8.4,35.864613,3,4,0,10,8,3,1,10,1,12,0,2,1145.221625,1161.131407,770.5,inf,inf,inf,3834202,nan,592.3306452,487.5575881,478,95537.20083,78638.32066,77096.77419,1983123,319858548.4,35.864613,low,neg
67,67,1867.811024,756.9606299,21,386.6368819,156.6908504,8.4,5.441823,0,0,22,15,0,1,0,1,0,4,26,2,1442.244094,1487.80177,908,inf,inf,inf,732660,nan,3191.596457,4032.970612,1966,514773.622,650479.131,317096.7742,1621331,261505000,5.441823,neg,neg
68,68,1840.908113,755.0361681,21,381.0679795,156.2924868,8.4,43.834527,3,5,0,5,4,4,1,11,7,10,0,2,2287.301564,1767.252571,1771.5,inf,inf,inf,9359638,nan,685.0244379,1692.512627,384,110487.8126,272985.9075,61935.48387,2803120,452116129,43.834527,low,neg
69,69,1809.431528,864.3353621,22,374.5523262,178.91742,8.8,70.400907,8,3,8,2,8,5,1,11,4,10,4,2,1239.346318,1319.861735,766,inf,inf,inf,8144984,nan,493.1646379,528.9884805,329,79542.68353,85320.72266,53064.51613,3241078,522754516.1,70.400907,low,neg
70,70,1771.485904,867.7512438,22,366.6975821,179.6245075,8.8,25.837947,0,3,3,0,0,4,1,1,2,2,2,2,1451.80597,1161.104307,1144,inf,inf,inf,3501756,nan,1132.317164,971.6402935,904.5,182631.8007,156716.1764,145887.0968,2731149,440507903.2,25.837947,neg,pos
71,71,1754,861.4261603,22,363.078,178.3152152,8.8,10.155213,0,2,9,11,6,1,0,0,0,1,0,2,869.9367089,1369.778077,396,inf,inf,inf,824700,nan,1425.042194,928.0961379,1224.5,229845.5152,149692.9255,197500,1350940,217893548.4,10.155213,neg,pos
72,72,1779.987943,831.3700075,22,368.4575041,172.0935916,8.8,113.721246,18,19,8,21,11,5,45,11,6,25,13,2,2824.358704,2022.013141,2258,inf,inf,inf,29983392,nan,3164.601733,2418.273462,2809,510419.6344,390044.1067,453064.5161,33595412,5418614839,113.721246,high,pos
73,73,1739.923077,686.1275304,21,360.1640769,142.0283988,8.4,21.167406,0,4,4,14,0,0,0,1,1,2,12,2,523.5759109,679.9683245,318.5,inf,inf,inf,1034586,nan,1147.831478,2957.404287,459,185134.1093,477000.6914,74032.25806,2268115,365825000,21.167406,neg,neg
74,74,1751.111111,716.470674,21,362.48,148.3094295,8.4,117.620505,10,9,10,2,10,16,1,21,9,25,7,2,3321.800455,2850.971804,2331,inf,inf,inf,36473369,nan,639.8413479,1228.591187,385,103200.2174,198159.8688,62096.77419,7025458,1133138387,117.620505,high,neg
75,75,1807.323802,725.3007678,21,374.116027,150.1372589,8.4,161.840673,18,12,11,9,7,35,11,52,11,36,4,2,4680.948173,2919.432624,4350.5,inf,inf,inf,70719765,nan,711.7719751,635.7043784,540,114801.9315,102532.9643,87096.77419,10753451,1734427581,161.840673,high,neg
76,76,1907.914011,808.9608716,22,394.9382003,167.4549004,8.8,182.879532,9,7,4,3,7,21,11,56,18,30,5,2,5088.18832,2878.161349,4845,inf,inf,inf,86865551,inf,757.7259255,645.715904,595,122213.859,104147.7265,95967.74194,12935897,2086435000,182.879532,high,neg
77,77,1864.843907,786.846425,21,386.0226888,162.87721,8.4,85.098114,3,2,4,6,3,9,4,20,6,16,1,2,3859.943353,2536.992287,3413,inf,inf,inf,30663390,inf,640.8163394,745.2702161,470,103357.4741,120204.8736,75806.45161,5090645,821071774.2,85.098114,high,neg
78,78,1842.173989,828.6938633,22,381.3300157,171.5396297,8.8,122.890932,8,5,6,5,3,15,6,29,18,26,0,2,4117.187762,2652.808974,3905.5,inf,inf,inf,47232378,nan,645.7398884,636.6063028,457,104151.5949,102678.4359,73709.67742,7407928,1194827097,122.890932,high,neg
79,79,1810.067273,782.8333993,21,374.6839256,162.0465137,8.4,108.279423,9,7,9,19,7,27,4,52,14,34,4,2,3420.668678,2143.373038,2906,inf,inf,inf,34576119,inf,787.6376138,856.4517115,552,127038.3248,138137.3728,89032.25806,7961441,1284103387,108.279423,high,neg
80,80,1753.391032,785.0453597,21,362.9519437,162.5043895,8.4,164.368764,18,9,7,8,10,48,10,35,7,44,5,2,4265.824557,2321.113596,4043,inf,inf,inf,65454812,inf,1144.034215,914.1681991,997,184521.6476,147446.4837,160806.4516,17554061,2831300161,164.368764,high,neg
81,81,1707.631954,844.8199001,22,353.4798146,174.8777193,8.8,240.297192,18,2,7,11,8,19,6,49,10,24,8,2,6156.858862,3543.829282,5553,inf,inf,inf,138110658,inf,711.1896844,948.9935221,520,114708.0136,153063.4713,83870.96774,15953407,2573130161,240.297192,high,neg
82,82,1656.60341,873.8576723,22,342.9169059,180.8885382,8.8,57.803301,2,8,4,7,4,3,2,0,9,8,4,2,1188.813751,1088.196528,807,inf,inf,inf,6414839,nan,559.5819125,1478.704898,302,90255.14718,238500.7899,48709.67742,3019504,487016774.2,57.803301,low,neg
83,83,1627.806748,863.7392638,22,336.9559969,178.7940276,8.8,13.968774,7,1,10,21,10,9,1,27,2,14,12,2,1671.307515,806.971875,1570,inf,inf,inf,2179385,inf,1064.710123,1251.229977,833,171727.4391,201811.2866,134354.8387,1388382,223932580.6,13.968774,low,neg
84,84,1623.197368,854.2763158,22,336.0018553,176.8351974,8.8,3.256524,1,6,12,7,4,7,0,6,0,1,30,2,1367.302632,1108.558681,1025,inf,inf,inf,415660,nan,3854.631579,5577.813385,1657,621714.7708,899647.3201,267258.0645,1171808,189001290.3,3.256524,neg,pos
85,85,1645.600223,846.8663697,22,340.6392461,175.3013385,8.8,38.478402,4,7,0,0,0,2,2,6,15,14,1,2,1218.945713,1268.727911,815,inf,inf,inf,4378453,nan,735.9949889,1001.849103,452,118708.8692,161588.5651,72903.22581,2643694,426402258.1,38.478402,low,neg
86,86,1647.30303,832.3030303,22,340.9917273,172.2867273,8.8,5.656068,1,2,7,7,22,0,0,0,0,4,0,2,1425.306818,1060.662692,1107,inf,inf,inf,752562,inf,2142.32197,2527.066439,1455.5,345535.8016,407591.3611,234758.0645,1131146,182442903.2,5.656068,neg,pos
87,87,1600.87233,839.05,22,331.3805723,173.68335,8.8,88.26894,12,14,5,2,2,21,7,19,19,44,0,2,4560.451335,1919.930087,4437,inf,inf,inf,37578119,inf,1162.203398,789.2807363,1042,187452.161,127303.3446,168064.5161,9576556,1544605806,88.26894,high,neg
88,88,1592.620725,880.0051813,21,329.6724902,182.1610725,8.4,124.047855,8,20,2,6,4,24,3,22,33,34,7,2,3684.794041,1978.987587,3599,inf,inf,inf,42669915,nan,866.0076857,824.3753114,692,139678.659,132963.7599,111612.9032,10028369,1617478871,124.047855,high,neg
89,89,1594.182752,916.3031193,21,329.9958297,189.6747457,8.4,116.763525,5,10,6,5,13,19,6,26,16,25,8,2,3638.883028,2074.251766,3279,inf,inf,inf,39663825,inf,628.3652294,527.4666192,499,101349.2305,85075.26117,80483.87097,6849181,1104706613,116.763525,high,neg
90,90,1646.069525,796.5147161,21,340.7363917,164.8785462,8.4,184.893435,10,9,6,4,9,17,5,24,19,33,6,2,4392.576362,2679.003174,3869.5,inf,inf,inf,75815868,inf,715.3574739,1100.61666,506,115380.2377,177518.8162,81612.90323,12347070,1991462903,184.893435,high,neg
91,91,1698.947445,761.3541466,21,351.682121,157.6003083,8.4,177.737652,10,5,6,9,9,31,7,47,11,25,5,2,4897.52007,2901.067699,4463.5,inf,inf,inf,81259653,nan,641.7985174,562.6429263,495,103515.8899,90748.85908,79838.70968,10648721,1717535645,177.737652,high,neg
92,92,1689.388127,701.4559367,21,349.7033422,145.2013789,8.4,162.39771,10,9,1,3,7,17,5,52,10,30,1,2,4433.214182,2649.110717,4354,inf,inf,inf,67207527,nan,705.5056728,627.8826481,545,113791.2376,101271.3949,87903.22581,10695466,1725075161,162.39771,high,neg
93,93,1629.655229,717.0857843,21,337.3386324,148.4367574,8.4,209.788704,6,11,11,5,8,29,10,26,13,25,5,2,4141.098346,2359.554295,3905.5,inf,inf,inf,81099270,inf,751.55096,630.0486266,599,121217.8968,101620.7462,96612.90323,14718374,2373931290,209.788704,high,neg
94,94,1580.701313,781.1006565,19,327.2051718,161.6878359,7.6,195.81993,17,11,7,17,8,31,10,23,16,27,12,2,2317.622976,2007.309074,1596,inf,inf,inf,42366148,nan,496.6599015,564.1598827,376,80106.43573,90993.52946,60645.16129,9078943,1464345645,195.81993,high,neg
103,103,1676.077974,922.0508289,22,346.9481406,190.8645216,8.8,235.198161,26,16,14,16,19,35,9,42,25,31,2,2,5132.790262,2009.160731,5117,inf,inf,inf,112695543,inf,777.2765076,633.4490786,643,125367.1786,102169.2062,103709.6774,17065883,2752561774,235.198161,high,neg
104,104,1743.066571,915.8577265,22,360.8147801,189.5825494,8.8,178.294689,11,15,8,11,12,19,3,24,24,23,7,2,4703.079969,2343.117214,4466,inf,inf,inf,78278063,inf,628.6628815,597.0404815,480,101397.239,96296.85185,77419.35484,10463465,1687655645,178.294689,high,neg
105,105,1800.025306,902.4546605,22,372.6052383,186.8081147,8.8,101.594979,6,7,10,0,4,6,0,21,4,25,14,2,3133.505799,1817.778949,2776.5,inf,inf,inf,29718169,inf,1287.081295,2185.299085,530,207593.7572,352467.5944,85483.87097,12206679,1968819194,101.594979,high,neg
106,106,1828.876179,931.0153302,22,378.5773691,192.7201733,8.8,36.335952,4,6,11,9,11,4,55,1,3,3,4,2,1286.941627,756.0696464,1164,inf,inf,inf,4365306,nan,3643.203715,2538.888449,3452,587613.5024,409498.1369,556774.1935,12357747,1993185000,36.335952,neg,pos
107,107,1861.990241,887.9394008,22,385.4319798,183.803456,8.8,188.792694,9,17,1,3,9,24,7,64,32,43,10,2,4966.83931,2269.384531,4799.5,inf,inf,inf,87535576,inf,1001.430095,1156.412796,739,161520.9831,186518.193,119193.5484,17649204,2846645806,188.792694,high,neg
108,108,1914.701366,869.3721149,22,396.3431828,179.9600278,8.8,90.968427,7,8,6,6,5,13,6,29,8,27,2,2,4022.575954,1986.89221,3814,inf,inf,inf,34159715,nan,805.5767781,903.2715521,625,129931.7384,145688.96,100806.4516,6840958,1103380323,90.968427,high,neg
109,109,1946.588774,893.2702868,22,402.9438761,184.9069494,8.8,70.229511,7,12,4,5,4,6,1,35,6,20,11,2,2897.524405,2050.893484,2330,inf,inf,inf,18996170,inf,670.219036,1001.646256,471.5,108099.8445,161555.8477,76048.3871,4393956,708702580.6,70.229511,high,neg
110,110,1997.322968,890.0378092,22,413.4458544,184.2378265,8.8,121.26267,8,4,3,5,5,18,3,23,20,29,4,2,3728.177915,2240.700839,3179.5,inf,inf,inf,42202974,inf,771.8326855,715.8976103,584,124489.1428,115467.3565,94193.54839,8737146,1409217097,121.26267,high,neg
111,111,1963.028865,845.2325813,22,406.3469751,174.9631443,8.8,129.146886,9,3,0,1,4,19,5,61,15,29,3,2,3295.828965,1818.281362,2923,inf,inf,inf,39734514,inf,779.4981752,607.5621623,622,125725.5121,97993.89714,100322.5806,9397630,1515746774,129.146886,high,neg
112,112,2002.350965,951.8518979,23,414.4866497,197.0333429,9.2,68.858343,2,2,0,2,4,5,5,19,10,11,2,2,1710.562383,1089.822763,1447,inf,inf,inf,10995495,nan,543.8074051,481.240345,424,87710.87179,77619.41049,68387.09677,3495594,563805483.9,68.858343,low,neg
113,113,1961.325475,933.9711027,22,405.9943734,193.3320183,8.8,112.69287,9,5,3,6,14,19,3,27,18,22,10,2,3593.343251,1496.249878,3460,inf,inf,inf,37801971,inf,841.99173,713.658494,661,135805.1177,115106.2087,106612.9032,8857753,1428669839,112.69287,high,neg
114,114,1910.731528,927.1073887,22,395.5214263,191.9112295,8.8,93.367971,10,3,2,1,5,15,2,41,20,26,1,2,4343.41659,1459.612194,4190,inf,inf,inf,37857219,inf,1007.257802,612.8340958,896,162460.9358,98844.20899,144516.129,8779259,1416009516,93.367971,high,neg
115,115,1937.232645,973.0783302,22,401.0071576,201.4272144,8.8,91.354068,5,2,2,9,8,6,9,20,3,22,7,2,2481.761609,1634.454763,2003.5,inf,inf,inf,21164463,inf,810.9873358,988.5113864,490,130804.409,159437.3204,79032.25806,6916100,1115500000,91.354068,high,neg
116,116,1980.518325,976.5008726,22,409.9672932,202.1356806,8.8,24.552477,4,2,0,1,2,1,22,2,0,4,11,2,1019.824607,730.8916193,860,inf,inf,inf,2337438,nan,3904.299302,3103.512337,3363.5,629725.6939,500566.506,542500,8948654,1443331290,24.552477,low,pos
117,117,1966.360059,1001.039347,23,407.0365323,207.2151448,9.2,57.717603,3,9,2,1,1,3,3,28,4,10,1,2,1075.211581,984.3137692,751.5,inf,inf,inf,5793240,nan,550.8518931,1086.902728,291,88847.07953,175306.8916,46935.48387,2967990,478708064.5,57.717603,low,neg
118,118,1963.433333,984.2,22,406.4307,203.7294,8.8,1.28547,2,20,28,9,3,0,0,1,0,2,0,2,2240,1101.302176,2025.5,inf,inf,inf,268800,inf,8277.766667,7530.807345,5168,1335123.656,1214646.346,833548.3871,993332,160214838.7,1.28547,neg,neg
119,119,1870.525966,960.1589958,22,387.198875,198.7529121,8.8,174.095487,7,15,5,3,13,21,4,20,19,14,11,2,3452.767044,2415.921204,2899.5,inf,inf,inf,56114370,nan,631.1799778,577.6683633,487,101803.2222,93172.31666,78548.3871,10257937,1654505968,174.095487,high,neg
120,120,1780.478754,966.0315973,22,368.559102,199.9685406,8.8,196.634061,11,11,6,4,9,16,4,33,21,38,16,2,4063.649107,2279.503532,3807,inf,inf,inf,74592343,inf,978.9793528,1865.265957,622,157899.8956,300849.3479,100322.5806,17970145,2898410484,196.634061,high,neg
121,121,1817.980071,988.1231178,22,376.3218747,204.5414854,8.8,96.753042,9,8,8,4,6,13,3,24,4,17,6,2,2880.295283,2061.582971,2148.5,inf,inf,inf,26014827,nan,541.8929362,547.9391123,394,87402.08649,88377.27617,63548.3871,4894377,789415645.2,96.753042,high,neg
122,122,1845.763462,1010.730128,23,382.0730365,209.2211365,9.2,66.84444,2,10,12,3,1,4,26,8,4,18,19,2,1195.555288,1141.165242,789,inf,inf,inf,7460265,nan,856.5035256,1823.181555,401.5,138145.7299,294061.5411,64758.06452,5344582,862029354.8,66.84444,high,neg
123,123,1908.879347,1017.225582,23,395.1380248,210.5656955,9.2,141.701643,11,14,3,6,11,21,7,16,15,18,5,2,3414.692395,2814.924397,2250.5,inf,inf,inf,45169551,nan,549.9343816,539.5421557,405,88699.09381,87022.92834,65322.58065,7274532,1173311613,141.701643,high,neg
124,124,1875.265823,1007,23,388.1800253,208.449,9.2,3.385071,0,2,0,0,0,0,0,1,0,0,0,2,2715.39557,1804.140026,2414.5,inf,inf,inf,858065,inf,757.6329114,726.2436462,608,122198.8567,117136.072,98064.51613,239412,38614838.71,3.385071,neg,neg
125,125,1857.917355,1041.568182,23,384.5888926,215.6046136,9.2,82.955664,3,7,4,4,1,7,1,5,12,18,1,2,2200.734375,1837.600284,1528.5,inf,inf,inf,17042487,nan,629.5725723,1881.63713,321,101543.9633,303489.8597,51774.19355,4875410,786356451.6,82.955664,high,neg
126,126,2019.993483,1015.181837,23,418.138651,210.1426403,9.2,203.832693,12,5,5,9,16,19,9,30,15,28,3,2,4575.067112,2215.331404,4519,inf,inf,inf,87054377,inf,811.2583561,638.78412,662,130848.122,103029.6968,106774.1935,15436624,2489778065,203.832693,high,neg
127,127,2294.33574,795.910349,23,474.9274982,164.7534422,9.2,71.215038,1,13,12,25,8,7,22,15,12,8,18,2,3297.384777,2691.990583,2659.5,inf,inf,inf,21921014,nan,3698.897714,4651.065325,2774,596596.4054,750171.8265,447419.3548,24590272,3966172903,71.215038,high,pos
128,128,2312.003199,831.0379342,23,478.5846622,172.0248524,9.2,93.753612,7,4,3,1,7,15,5,29,14,18,6,2,4556.004113,2327.017344,4250,inf,inf,inf,39874148,nan,685.5700411,1039.106959,470,110575.8131,167597.8966,75806.45161,6000109,967759516.1,93.753612,high,neg
129,129,1485.395833,1302.074405,24,307.4769375,269.5294018,9.6,14.397264,2,5,18,33,10,9,29,10,7,5,1,1,1150.53497,975.8046795,913,inf,inf,inf,1546319,nan,2517.464286,1642.928391,2128.5,406042.6267,264988.4502,343306.4516,3383472,545721290.3,14.397264,neg,pos
130,130,1486.171014,1314.985507,24,307.6374,272.202,9.6,14.782905,6,2,5,0,0,3,0,6,3,4,1,1,992.4181159,1249.378697,594,inf,inf,inf,1369537,nan,2502.333333,1641.186177,2188.5,403602.1505,264707.448,352983.871,3453220,556970967.7,14.782905,neg,pos
131,131,1475.180614,1278.472106,24,305.362387,264.6437259,9.6,61.445466,3,5,2,4,2,4,0,20,14,13,5,1,1796.660216,1989.928936,1035.5,inf,inf,inf,10305643,nan,745.70659,897.2130666,454.5,120275.2564,144711.7849,73306.45161,4277373,689898871,61.445466,low,neg
132,132,1536.180715,1303.491776,24,317.9894081,269.8227977,9.6,208.417536,11,15,5,13,1,45,7,35,15,35,4,1,4791.622687,2549.338654,4562,inf,inf,inf,93225811,nan,721.6051604,659.798372,559,116387.9291,106419.0923,90161.29032,14039550,2264443548,208.417536,high,neg
133,133,1551.430046,1353.844037,24,321.1460195,280.2457156,9.6,37.364328,1,3,5,0,0,6,1,14,1,9,4,1,1504.911984,1109.377683,1190,inf,inf,inf,5249133,inf,497.0584862,840.0214816,318,80170.72359,135487.3357,51290.32258,1733740,279635483.9,37.364328,low,neg
134,134,1536.377778,1343.666667,24,318.0302,278.139,9.6,1.928205,0,0,0,1,13,1,0,1,0,0,0,1,2210.9,2157.408538,1439.5,inf,inf,inf,397962,inf,743.0833333,655.6897037,551,119852.1505,105756.4038,88870.96774,133755,21573387.1,1.928205,neg,neg
135,135,1495.865733,1357.515817,24,309.6442067,281.0057742,9.6,177.437709,12,13,6,14,15,30,8,27,17,27,10,1,3937.076008,2780.291352,3063,inf,inf,inf,65213727,inf,676.6107824,951.6149021,467,109130.7714,153486.2745,75322.58065,11207381,1807642097,177.437709,high,neg
136,136,1543.736457,1394.578697,24,319.5534466,288.6777903,9.6,117.063468,9,10,5,16,1,19,1,54,40,41,3,1,4179.05701,2038.749628,4039.5,inf,inf,inf,45668735,inf,751.7948389,701.7944002,569,121257.2321,113192.6452,91774.19355,8215614,1325099032,117.063468,high,neg
137,137,1535.621753,1439.108766,24,317.8737029,297.8955146,9.6,26.394984,1,7,12,6,15,2,7,3,1,5,24,1,927.8721591,1181.147726,477,inf,inf,inf,2286277,nan,2839.931006,4565.06022,1794,458053.3881,736300.0355,289354.8387,6997590,1128643548,26.394984,neg,pos
138,138,1558.401447,1439.011754,24,322.5890995,297.8754331,9.6,47..390994,1,7,1,5,4,6,12,13,10,17,16,1,1144.553571,1211.812368,785,inf,inf,inf,5063505,nan,617.5248644,604.7348576,470,99600.78458,97537.88026,75806.45161,2731930,440633871,47.390994,low,neg
139,139,1578.732092,1419.676218,24,326.797543,293.8729771,9.6,29.908602,1,3,2,1,1,4,1,16,11,16,4,1,1949.179083,1476.646101,1487,inf,inf,inf,5442108,inf,761.7804441,2430.448463,408.5,122867.8136,392007.8165,65887.09677,2126891,343046935.5,29.908602,low,neg
140,140,1495.070362,1420.585795,24,309.4795649,294.0612595,9.6,129.104037,10,11,9,36,6,4,3,12,22,13,7,1,2237.123133,2043.208095,1593,inf,inf,inf,26961808,nan,450.3952041,1050.110381,265,72644.38776,169372.6422,42741.93548,5428163,875510161.3,129.104037,low,neg
141,141,1455.339339,1450.832046,24,301.2552432,300.3222336,9.6,199.762038,10,17,9,16,13,17,14,38,23,43,9,1,4626.779708,2738.405798,4448.5,inf,inf,inf,86280188,inf,1628.108912,1557.535136,1094.5,262598.2117,251215.3445,176532.2581,30360975,4896931452,199.762038,high,pos
142,142,1427.953939,1484.594126,24,295.5864653,307.310984,9.6,64.187802,7,17,10,7,8,2,2,20,13,19,7,1,1568.945427,1408.721187,1038,inf,inf,inf,9401121,nan,785.1253338,2140.576569,373,126633.1184,345254.2854,60161.29032,4704471,758785645.2,64.187802,low,neg
143,143,1411.833698,1502.094092,24,292.2495755,310.933477,9.6,19.581993,1,7,0,4,10,2,0,10,7,7,7,1,1290.972648,978.7556765,1020,inf,inf,inf,2359898,nan,2015.139497,3237.446457,1355,325022.4995,522168.7834,218548.3871,3683675,594141129,19.581993,low,pos
144,144,1401.951096,1524.537943,24,290.2038769,315.5793541,9.6,25.409457,3,6,0,4,5,3,0,12,9,16,0,1,2064.799747,957.533965,1954.5,inf,inf,inf,4897705,inf,1184.982293,2329.559547,709.5,191126.1764,375735.4109,114435.4839,2810778,453351290.3,25.409457,low,pos
145,145,1399,1508.444444,24,289.593,312.248,9.6,0.385641,0,0,0,0,6,0,0,0,0,0,0,1,2420.222222,1055.439327,2153,inf,inf,inf,87128,inf,862.5277778,529.8803055,786.5,139117.3835,85464.5654,126854.8387,31051,5008225.806,0.385641,neg,neg
146,146,1388.315287,1534.035032,24,287.3812643,317.5452516,9.6,13.454586,0,7,19,9,5,2,25,6,10,6,32,1,2071.824841,893.4651882,1935.5,inf,inf,inf,2602212,inf,4814.478503,6057.922516,2723,776528.7908,977084.2767,439193.5484,6046985,975320161.3,13.454586,low,pos
147,147,1375.594724,1526.911271,24,284.7481079,316.0706331,9.6,17.868033,5,6,0,7,0,3,0,10,15,16,0,1,1884.846523,1163.558571,1681,inf,inf,inf,3143924,nan,1708.967626,1174.347186,1435.5,275639.9397,189410.8364,231532.2581,2850558,459767419.4,17.868033,low,pos
148,148,1416.075608,1555.351085,24,293.1276509,321.9576746,9.6,65.173329,7,6,4,5,6,8,1,29,11,15,2,1,1929.317719,1468.988569,1414,inf,inf,inf,11737969,nan,474.5483235,1394.828373,264,76540.05217,224972.3182,42580.64516,2887152,465669677.4,65.173329,low,neg
149,149,1436.653659,1525.348432,24,297.3873073,315.7471254,9.6,61.488315,6,12,6,8,6,11,3,25,11,24,0,1,3008.835714,1524.397726,2883,inf,inf,inf,17270717,inf,545.9933798,513.7943042,413,88063.44835,82870.04907,66612.90323,3134002,505484193.5,61.488315,low,neg
150,150,1480.162996,1519.758911,24,306.3937401,314.5900945,9.6,106.993953,6,2,4,7,6,6,3,11,16,18,7,1,2784.836003,2043.88096,2125.5,inf,inf,inf,27814942,nan,388.8978775,483.1806739,270,62725.46411,77932.36676,43548.3871,3884312,626501935.5,106.993953,high,neg
151,151,1511.605295,1552.743682,24,312.902296,321.4179422,9.6,71.215038,1,6,6,10,2,9,3,11,11,18,4,1,1559.14997,1544.992247,952,inf,inf,inf,10365229,nan,414.6947954,546.1914914,302,66886.25733,88095.40184,48709.67742,2756891,444659838.7,71.215038,low,neg
152,152,1539.865741,1562.625,24,318.7522083,323.463375,9.6,9.255384,1,4,8,0,3,0,2,24,1,4,17,1,891.5162037,754.7896259,687.5,inf,inf,inf,770270,nan,1457.444444,1151.514532,1245,235071.6846,185728.1503,200806.4516,1259232,203101935.5,9.255384,neg,neg
153,153,1549.109589,1566.534247,24,320.6656849,324.272589,9.6,3.127977,0,0,21,13,14,0,0,24,0,2,0,1,791.6917808,710.8833938,552,inf,inf,inf,231174,nan,2413.020548,3132.018565,1443.5,389196.8626,505164.2847,232822.5806,704602,113645483.9,3.127977,neg,neg
154,154,1520.5,1583.5,24,314.7435,327.7845,9.6,55.875096,3,9,4,1,1,5,2,3,8,22,2,1,1363.516871,1182.261485,934.5,inf,inf,inf,7112104,nan,921.797546,1906.75438,337.5,148677.0236,307541.0291,54435.48387,4808096,775499354.8,55.875096,low,neg
155,155,1465.754995,1585.67592,24,303.4112839,328.2349155,9.6,203.746995,7,5,7,22,12,18,6,35,37,42,14,1,3643.322135,2447.044073,3140,inf,inf,inf,69295987,inf,416.8795478,540.1685684,285,67238.63675,87123.96264,45967.74194,7929049,1278878871,203.746995,high,neg
156,156,1405.884058,1593.599724,24,291.018,329.8751429,9.6,62.088201,2,1,3,6,8,15,1,20,19,24,2,1,3275.879917,1939.798437,3016,inf,inf,inf,18987000,nan,536.5854037,488.1891768,414,86546.03286,78740.1898,66774.19355,3110049,501620806.5,62.088201,high,neg
157,157,1538.55554,1502.342734,24,318.4809967,310.9849459,9.6,297.80055,12,18,12,14,10,28,19,51,31,38,7,1,4127.085252,2837.304154,3520.5,inf,inf,inf,114732970,nan,810.4769065,795.8428211,583,130722.0817,128361.7453,94032.25806,22531258,3634073871,297.80055,high,neg
158,158,1601.763085,1419.534435,24,331.5649587,293.8436281,9.6,15.554187,2,4,0,2,13,1,15,17,9,22,4,1,1450.701102,887.4821747,1233,inf,inf,inf,2106418,inf,1710.881543,1146.883878,1467,275948.6359,184981.2707,236612.9032,2484200,400677419.4,15.554187,neg,pos
159,159,1609.142857,1427.585714,24,333.0925714,295.5102429,9.6,2.99943,2,2,8,0,0,0,0,2,0,0,0,1,1115.528571,530.6924377,1045.5,inf,inf,inf,312348,inf,1177.171429,785.2176263,985.5,189866.3594,126648.0042,158951.6129,329608,53162580.65,2.99943,neg,pos
160,160,1596.866049,1461.786111,24,330.5512722,302.589725,9.6,138.83076,3,11,5,4,4,10,1,30,15,32,10,1,4548.421759,2671.070727,4175.5,inf,inf,inf,58947546,inf,729.8974537,767.7164735,539,117725.3958,123825.2377,86935.48387,9459471,1525721129,138.83076,high,neg
161,161,1599.815007,1506.280089,24,331.1617065,311.7999785,9.6,57.674754,3,5,4,18,3,3,2,17,2,12,3,1,989.6866642,1018.695268,700.5,inf,inf,inf,5328473,nan,666.8014487,1993.643265,301,107548.6208,321555.3654,48548.3871,3590059,579041774.2,57.674754,low,neg
162,162,1622.755064,1563.450285,24,335.9102983,323.6342089,9.6,323.638497,18,10,8,10,9,43,16,53,37,37,17,1,4257.345194,2673.957386,3750,inf,inf,inf,128622913,nan,501.156461,722.8628519,355,80831.68726,116590.7826,57258.06452,15140939,2442086935,323.638497,high,neg
163,163,1653.448995,1486.169168,24,342.263942,307.6370178,9.6,168.439419,8,8,3,4,8,24,3,22,16,25,8,1,4222.735309,2633.148438,3840,inf,inf,inf,66398290,inf,595.6279573,1066.037099,422,96069.02536,171941.4676,68064.51613,9365654,1510589355,168.439419,high,neg
164,164,1556.097247,1626.795131,25,322.1121302,336.7465921,10,309.755421,23,8,5,24,12,25,11,36,27,29,10,1,3839.278496,2321.618772,3521.5,inf,inf,inf,111016577,nan,436.9514456,756.1378919,282,70476.03961,121957.7245,45483.87097,12634888,2037885161,309.755421,high,neg
165,165,1489.335895,1643.924991,25,308.2925302,340.2924731,10,117.106317,7,6,3,7,6,16,4,33,9,26,2,1,4067.904226,1815.217174,3919,inf,inf,inf,44470329,inf,493.4583791,488.898103,355,79590.06114,78854.53274,57258.06452,5394487,870078548.4,117.106317,high,neg
166,166,1505.78392,1704.760804,25,311.6972714,352.8854864,10,85.26951,7,6,2,13,7,7,5,17,9,10,2,1,1902.860302,1119.182758,1754.5,inf,inf,inf,15146768,nan,1219.263819,1108.040866,931,196655.4547,178716.2686,150161.2903,9705340,1565377419,85.26951,low,pos
167,167,1470.446397,1712.219684,25,304.3824042,354.4294745,10,24.381081,1,12,0,24,11,3,2,0,3,15,20,1,957.5984183,809.0579442,757.5,inf,inf,inf,2179494,nan,2283.849736,4380.748783,1157.5,368362.8607,706572.3844,186693.5484,5198042,838393871,24.381081,neg,pos
168,168,1538.296277,1708.704248,25,318.4273293,353.7017792,10,81.713043,6,10,6,9,10,4,3,20,9,10,10,1,1955.512454,1194.190481,1723,inf,inf,inf,14916649,nan,1431.184714,2305.231265,898,230836.2442,371811.4944,144838.7097,10917077,1760818871,81.713043,low,pos
169,169,1579.5775,1715.84175,25,326.9725425,355.1792423,10,171.396,21,8,4,9,12,30,9,53,14,31,10,1,3303.237438,1798.243626,3022,inf,inf,inf,52851799,inf,537.4663125,889.4654596,366,86688.11492,143462.1709,59032.25806,8599461,1387009839,171.396,high,neg
170,170,1631.585507,1696.845797,25,337.7382,351.24708,10,73.914525,10,6,4,5,7,7,1,29,10,10,7,1,1130.008551,1134.475612,766,inf,inf,inf,7797059,nan,949.2850725,989.398444,707.5,153110.4956,159580.3942,114112.9032,6550067,1056462419,73.914525,low,neg
171,171,1622.10844,1649.805159,25,335.776447,341.5096679,10,171.096057,4,10,5,10,19,18,5,38,7,30,11,1,3463.887553,2452.492299,2871,inf,inf,inf,55325212,nan,546.7141247,735.0822631,316,88179.69754,118561.6553,50967.74194,8732118,1408406129,171.096057,high,neg
172,172,1700.551253,1495.291572,24,352.0141093,309.5253554,9.6,18.810711,1,4,7,25,9,0,34,3,2,7,8,1,898.2255125,934.1115103,556,inf,inf,inf,1577284,nan,2167.714123,1744.011978,1776.5,349631.3102,281292.2546,286532.2581,3806506,613952580.6,18.810711,neg,pos
173,173,1685.407699,1520.005249,24,348.8793937,314.6410866,9.6,48.976407,6,5,2,5,2,2,2,6,5,10,9,1,988.4656605,1350.738723,478,inf,inf,inf,4519265,nan,453.0999563,941.7080795,252,73080.63811,151888.3999,40645.16129,2071573,334124677.4,48.976407,neg,neg
174,174,1724.199475,1505.552056,24,356.9092913,311.6492756,9.6,48.976407,2,6,7,0,0,2,0,16,16,17,10,1,1847.761155,1226.069966,1572,inf,inf,inf,8447964,nan,959.2786527,2674.914925,406,154722.3633,431437.8912,65483.87097,4385822,707390645.2,48.976407,low,neg
175,175,1717.347053,1535.138447,24,355.49084,317.7736586,9.6,45.805581,4,8,6,4,5,8,6,6,6,9,19,1,1031.444107,856.5744334,790.5,inf,inf,inf,4410455,nan,2369.58232,3254.322616,1547,382190.6968,524890.7445,249516.129,10132334,1634247419,45.805581,low,pos
176,176,1728.61708,1551.495868,24,357.8237355,321.1596446,9.6,15.554187,2,3,2,0,0,1,1,4,5,6,3,1,1078.282369,1044.877549,748,inf,inf,inf,1565666,nan,1086.852617,1212.812364,826,175298.8092,195614.8975,133225.8065,1578110,254533871,15.554187,neg,neg
177,177,1694.402907,1570.20574,24,350.7414018,325.0325881,9.6,114.963867,8,6,4,9,7,21,0,25,14,20,9,1,3708.343832,2583.939651,2967,inf,inf,inf,39797946,nan,509.0213381,730.5039314,368,82100.21582,117823.2147,59354.83871,5462817,881099516.1,114.963867,high,neg
178,178,1674.536194,1609.292141,25,346.6289922,333.1234731,10,82.869966,5,3,6,5,6,3,2,22,3,14,2,1,2035.762668,1595.905026,1538.5,inf,inf,inf,15748660,nan,324.9282575,554.570974,215,52407.78347,89446.9313,34677.41935,2513645,405426612.9,82.869966,low,neg
179,179,1677.953885,1640.41314,25,347.3364542,339.5655199,10,67.829967,4,5,2,11,4,3,4,13,1,9,3,1,1491.475679,1275.082852,1084.5,inf,inf,inf,9444024,nan,303.800537,324.0163006,216,49000.08661,52260.69364,34838.70968,1923665,310268548.4,67.829967,low,neg
180,180,1698.434884,1682.369767,25,351.5760209,348.2505419,10,202.67577,13,9,3,13,7,29,3,43,27,45,2,1,5132.302061,2821.778566,4868,inf,inf,inf,97103155,inf,510.1566068,564.0866904,379,82283.32367,90981.72425,61129.03226,9652163,1556800484,202.67577,high,neg
181,181,1645.612481,1743.059515,25,340.6417835,360.8133195,10,222.472008,15,1,6,2,12,8,8,19,9,24,5,1,3412.53881,2326.835735,2935,inf,inf,inf,70871606,nan,343.9315293,347.6182371,243,55472.8273,56067.4576,39193.54839,7142770,1152059677,222.472008,high,neg
182,182,1691.348139,1762.966387,25,350.1090648,364.934042,10,35.693217,6,4,2,4,11,3,0,6,7,3,3,1,554.1161465,804.8818372,279,inf,inf,inf,1846315,nan,402.0891357,622.5657138,259,64853.0864,100413.8248,41774.19355,1339761,216090483.9,35.693217,neg,neg
183,183,1709.138138,1777.274775,25,353.7915946,367.8958784,10,28.537434,2,2,18,14,4,3,53,3,3,10,4,1,749.890015,664.4863668,519,inf,inf,inf,1997707,nan,7371.277402,3972.872819,7512.5,1188915.71,640785.9386,1211693.548,19637083,3167271452,28.537434,neg,pos
184,184,1697.892694,1799.775114,25,351.4637877,372.5534486,10,37.535724,2,3,0,0,2,4,2,22,1,7,2,1,1652.796804,1072.132735,1453,inf,inf,inf,5791400,nan,1750.460616,1554.468714,1272.5,282332.3575,250720.7604,205241.9355,6133614,989292580.6,37.535724,low,pos
185,185,1745.522445,1736.152062,25,361.3231461,359.3834769,10,258.679413,14,9,9,11,7,19,8,38,19,37,8,1,4760.112804,2898.804714,4344.5,inf,inf,inf,114947204,nan,507.8824747,549.9578206,364,81916.52818,88702.87429,58709.67742,12264346,1978120323,258.679413,high,neg
186,186,1737.596476,1799.885022,25,359.6824705,372.5761996,10,97.26723,4,5,3,1,9,6,0,24,5,12,4,1,1868.294163,1701.203406,1214.5,inf,inf,inf,16964111,nan,554.7789648,905.1189995,303,89480.47819,145986.9354,48870.96774,5037393,812482741.9,97.26723,low,neg
187,187,1758.747661,1836.099064,25,364.0607657,380.0725063,10,132.789051,10,7,3,3,3,15,6,26,10,17,5,1,2194.56486,1725.351748,1629,inf,inf,inf,27203826,nan,352.5495321,495.7744443,235,56862.82776,79963.62005,37903.22581,4370204,704871612.9,132.789051,high,neg
188,188,1813.598103,1795.212759,25,375.4148074,371.609041,10,248.5242,6,12,4,17,12,19,11,25,7,28,4,1,5066.651078,2725.379746,4761,inf,inf,inf,117546305,nan,427.979181,420.2891725,316,69028.90017,67788.5762,50967.74194,9929117,1601470484,248.5242,high,neg
189,189,1827.128251,1731.177183,25,378.215548,358.3536768,10,166.382667,12,6,17,27,13,12,14,9,4,5,12,1,2141.123809,1697.073335,1613,inf,inf,inf,33255935,nan,2523.819276,2783.662592,1563,407067.6252,448977.8375,252096.7742,39199961,6322574355,166.382667,high,pos
190,190,1852.406888,1693.934618,25,383.4482259,350.6444658,10,73.400337,3,2,6,7,3,7,4,4,9,8,4,1,958.7016929,1028.900796,574,inf,inf,inf,6569024,nan,341.3028313,498.9121816,220,55048.84376,80469.70671,35483.87097,2338607,377194677.4,73.400337,neg,neg
191,191,1789.93997,1672.101807,25,370.5175738,346.125074,10,227.699586,9,12,12,22,12,11,9,30,14,18,6,1,2913.687947,2228.79693,2303,inf,inf,inf,61933351,nan,356.3666259,628.8026431,233,57478.48805,101419.7811,37580.64516,7574929,1221762742,227.699586,high,neg
192,192,1808.986702,1626.027482,25,374.4602473,336.5876888,10,48.333672,9,7,11,14,7,6,1,10,7,6,7,1,844.1263298,1086.891366,458,inf,inf,inf,3808698,nan,722.7409131,1461.756081,432,116571.115,235767.1098,69677.41935,3261007,525968871,48.333672,neg,neg
193,193,1743.25818,1619.226304,25,360.8544433,335.1798448,10,202.975713,17,10,10,23,4,24,10,25,14,25,7,1,5335.595947,2975.48397,5095,inf,inf,inf,101098872,nan,504.8655795,609.1702738,368,81429.93217,98253.26996,59354.83871,9566193,1542934355,202.975713,high,neg
194,194,1456.192308,1767.246154,25,301.4318077,365.8199538,10,11.14074,9,13,10,9,10,1,32,32,1,13,13,1,1378.15,669.7248205,1324,inf,inf,inf,1433276,inf,3097.208654,4365.981692,1694.5,499549.7829,704190.5955,273306.4516,3221097,519531774.2,11.14074,neg,pos
195,195,1470.084125,1776.797829,25,304.3074138,367.7971506,10,31.579713,7,2,2,0,0,7,0,0,4,11,1,1,1170.298847,913.4456981,897,inf,inf,inf,3450041,nan,1889.983379,1819.02883,1493.5,304836.0288,293391.7467,240887.0968,5571671,898656612.9,31.579713,neg,pos
196,196,1450.193356,1742.094549,25,300.1900247,360.6135716,10,150.914178,2,5,4,4,3,12,3,12,15,8,9,1,1903.771011,1334.763779,1551,inf,inf,inf,26820326,nan,546.9341993,1193.823333,285.5,88215.19344,192552.1504,46048.3871,7705209,1242775645,150.914178,low,neg
197,197,1514.20313,1783.322637,25,313.4400479,369.1477858,10,271.062774,21,7,6,20,3,17,8,39,22,15,3,1,3200.009643,1928.761361,2900,inf,inf,inf,80973044,nan,368.4121483,491.599667,250,59421.31424,79290.26887,40322.58065,9322301,1503596935,271.062774,high,neg
198,198,1367.909672,1563.708564,24,283.1573021,323.6876728,9.6,100.566603,8,5,3,13,7,23,2,34,16,28,1,1,4509.095228,1695.95723,4383,inf,inf,inf,42331386,inf,693.0756285,709.3865711,541,111786.3917,114417.1889,87258.06452,6506594,1049450645,100.566603,high,neg
199,199,1325.878398,1542.217454,24,274.4568283,319.2390129,9.6,29.951451,7,2,5,9,3,5,36,7,5,6,1,1,978.2124464,847.3532502,730.5,inf,inf,inf,2735082,nan,4940.277182,3252.727045,4597.5,796818.9003,524633.3944,741532.2581,13813015,2227905645,29.951451,low,pos
200,200,1323.945963,1573.450731,24,274.0568144,325.7043013,9.6,67.401477,7,0,2,3,5,6,1,12,5,10,3,1,1589.045772,1284.868622,1160.5,inf,inf,inf,9998276,nan,298.9777495,294.8899158,221,48222.21767,47562.88965,35645.16129,1881168,303414193.5,67.401477,low,neg
201,201,1353.916174,1631.642823,25,280.2606481,337.7500643,10,268.363287,15,23,3,24,14,28,18,56,32,32,8,1,4470.984832,2479.837235,4207,inf,inf,inf,112007112,nan,528.6750359,607.8445973,390,85270.16708,98039.45117,62903.22581,13244367,2136188226,268.363287,high,neg
202,202,1297..336538,1640.221154,25,268.5486635,339.5257788,10,57.931848,4,7,17,8,6,4,3,11,9,8,10,1,1550.60318,1188.073546,1268,inf,inf,inf,8385662,nan,1719.205251,2163.067315,952,277291.1696,348881.8251,153548.3871,9297462,1499590645,57.931848,low,neg
203,203,1267.336391,1630,25,262.338633,337.41,10,14.011623,1,15,2,5,2,1,37,1,0,2,3,1,1092.367737,1164.763323,759,inf,inf,inf,1428817,nan,5681.597859,4217.625321,4620.5,916386.7515,680262.1485,745241.9355,7431530,1198633871,14.011623,neg,pos
204,204,1263.907602,1649.982456,25,261.6288737,341.5463684,10,36.635895,1,1,3,3,1,1,0,2,6,12,4,1,830.378655,698.574851,649,inf,inf,inf,2839895,nan,2321.160819,2051.663948,1855.5,374380.7772,330913.54,299274.1935,7938370,1280382258,36.635895,neg,pos
205,205,1298.388374,1683.438837,25,268.7663935,348.4718393,10,134.160219,7,5,15,27,7,7,1,11,8,6,6,1,1095.750798,1085.544527,736,inf,inf,inf,13723183,nan,469.9638294,764.846398,246,75800.61765,123362.3223,39677.41935,5885827,949326935.5,134.160219,low,neg
206,206,1422.885428,1641.966073,25,294.5372836,339.8869772,10,154.085004,7,6,3,20,9,15,7,17,7,24,9,1,3669.960095,2028.525972,3550.5,inf,inf,inf,52788706,nan,380.0370551,402.416421,265,61296.2992,64905.87436,42741.93548,5466453,881685967.7,154.085004,high,neg
207,207,1454.932671,1684.291115,25,301.1710629,348.6482608,10,155.284776,6,2,10,20,6,12,7,15,10,20,3,1,2769.036286,2056.383996,2286,inf,inf,inf,40139950,nan,461.4477097,737.173391,252,74427.04995,118898.934,40645.16129,6689146,1078894516,155.284776,high,neg
208,208,1377.909574,1727.29812,25,285.2272819,357.5507108,10,346.391316,15,15,13,63,22,38,12,29,30,25,11,1,2968.880536,2180.137632,2426.5,inf,inf,inf,96001721,nan,369.8918852,519.2937585,241,59659.98148,83757.05782,38870.96774,11960824,1929165161,346.391316,high,neg
209,209,1306.870923,1746.37572,25,270.522281,361.4997739,10,245.653317,5,7,13,14,10,17,9,18,21,18,8,1,2378.548666,1699.637756,1991,inf,inf,inf,54544878,nan,336.7008547,1208.967796,186,54306.58947,194994.8059,30000,7721224,1245358710,245.653317,high,neg
210,210,1422.329682,1813.120325,25,294.4222442,375.3159074,10,273.847959,17,6,12,28,10,18,6,38,5,21,5,1,1602.920904,1178.619692,1284,inf,inf,inf,40977070,nan,335.0815991,593.7663252,212,54045.41921,95768.76213,34193.54839,8566026,1381617097,273.847959,low,neg
211,211,1650.785099,1797.702733,25,341.7125155,372.1244657,10,114.449679,5,4,1,7,2,17,6,32,14,21,1,1,3304.004867,2110.895108,2842,inf,inf,inf,35299988,inf,342.2790154,354.638406,243,55206.2928,57199.74291,39193.54839,3656909,589824032.3,114.449679,high,neg
212,212,1584.682257,1801.367165,25,328.0292272,372.8830032,10,226.285569,9,9,6,6,8,19,6,45,15,17,4,1,4057.494414,2376.242531,3671.5,inf,inf,inf,85710512,nan,404.5932115,469.1905392,274,65256.9696,75675.89341,44193.54839,8546627,1378488226,226.285569,high,neg
213,213,1536.496546,1849.789054,25,318.0547851,382.9063342,10,161.283636,10,5,7,3,9,10,3,44,11,18,2,1,2608.262088,1680.633494,2288.5,inf,inf,inf,39269994,nan,325.9999336,382.1129135,226,52580.63445,61631.11507,36451.6129,4908255,791654032.3,161.283636,high,neg
214,214,1460.894071,1896.258609,25,302.4050728,392.5255321,10,393.182424,23,17,17,28,20,25,15,43,19,39,21,1,3858.154752,2426.477149,3432,inf,inf,inf,141609712,nan,519.1592469,1023.666608,244,83735.36241,165107.5174,39354.83871,19055221,3073422742,393.182424,high,neg
215,215,1475.597642,1965.324245,25,305.4487119,406.8221186,10,58.146093,9,1,3,3,1,6,4,13,6,15,6,1,888.9193073,729.0684882,657,inf,inf,inf,4825054,nan,564.5276345,928.6914419,307,91052.84427,149788.9422,49516.12903,3064256,494234838.7,58.146093,low,neg
216,216,1499.371601,1963.601208,25,310.3699215,406.4654502,10,56.732076,7,5,9,8,6,2,18,4,4,5,12,1,675.8549849,566.7460169,505,inf,inf,inf,3579328,nan,2927.054758,3083.468411,2431,472105.6062,497333.6147,392096.7742,15501682,2500271290,56.732076,neg,pos
217,217,1516.275053,1930.829424,25,313.868936,399.6816908,10,100.480905,6,4,11,1,4,4,16,12,6,9,7,1,815.4670576,491.9268902,703,inf,inf,inf,7649081,nan,984.3770789,866.8018694,736,158770.4966,139806.7531,118709.6774,9233457,1489267258,100.480905,low,neg
218,218,1548.871901,1908.329076,25,320.6164835,395.0241187,10,114.064038,5,6,1,2,8,12,5,27,20,16,0,1,2676.296488,1483.406937,2411.5,inf,inf,inf,28497205,inf,360.4708866,337.2197121,272,58140.46557,54390.27614,43870.96774,3838294,619079677.4,114.064038,high,neg
219,219,1597.160907,1896.546534,25,330.6123078,392.5851325,10,202.118733,9,9,9,4,7,16,8,43,13,36,7,1,4184.541923,2167.498753,4044,inf,inf,inf,78953937,nan,373.4580772,381.7637017,271,60235.17374,61574.7906,43709.67742,7046407,1136517258,202.118733,high,neg
220,220,1633.620469,1845.326937,25,338.1594371,381.9826759,10,120.577086,9,8,3,7,3,10,6,39,14,16,4,1,2421.919243,1810.130554,1930,inf,inf,inf,27261123,nan,321.0754264,461.3064138,219,51786.3591,74404.26029,35322.58065,3614025,582907258.1,120.577086,high,neg
221,221,1635.882883,1877.099099,25,338.6277568,388.5595135,10,4.756239,3,0,8,0,0,4,0,3,0,0,0,1,318.277027,465.2369176,181.5,inf,inf,inf,141315,nan,280.786036,232.4648897,228,45288.07033,37494.33705,36774.19355,124669,20107903.23,4.756239,neg,neg
222,222,1687.483716,1843.180665,25,349.3091292,381.5383977,10,124.990533,14,4,3,4,6,29,3,37,9,15,3,1,2845.758656,2061.87391,2338,inf,inf,inf,33204312,nan,358.5717347,417.8489469,246,57834.15075,67394.99144,39677.41935,4183815,674808871,124.990533,high,neg
223,223,1724.390716,1878.669225,25,356.9488783,388.8845296,10,117.234864,16,10,3,4,6,10,5,35,7,19,3,1,3677.250822,2060.886618,3401.5,inf,inf,inf,40243833,inf,385.3790205,412.5168404,273.5,62157.90653,66534.97426,44112.90323,4217588,680256129,117.234864,high,neg
224,224,1793.135375,1876.269763,25,371.1790227,388.3878409,10,173.452752,10,12,8,14,9,11,10,4,25,6,6,1,1766.145689,1640.601226,1170.5,inf,inf,inf,28597431,nan,302.1984313,619.3681189,182,48741.68247,99898.08369,29354.83871,4893197,789225322.6,173.452752,high,neg
225,225,1399.648327,1954.912649,25,289.7272036,404.6669183,10,75.542787,5,4,1,6,3,8,5,19,4,10,0,1,922.2387975,777.6959328,658,inf,inf,inf,6503628,nan,307.8442995,411.2727225,212,49652.30637,66334.31008,34193.54839,2170918,350148064.5,75.542787,neg,neg
226,226,1391.336066,1937.5,25,288.0065656,401.0625,10,5.227578,1,0,0,0,0,0,1,2,0,1,0,1,822.8504098,599.5727339,617.5,inf,inf,inf,401551,inf,425.7766393,390.5065664,318,68673.65151,62984.93006,51290.32258,207779,33512741.94,5.227578,neg,neg
227,227,1446.886479,1314.169095,24,299.5055012,272.0330027,9.6,126.447399,9,4,5,3,7,15,2,31,14,23,3,1,3605.170281,2416.286548,2916,inf,inf,inf,42555430,inf,499.7054388,528.8679863,352,80597.65142,85301.28811,56774.19355,5898523,951374677.4,126.447399,high,neg
228,228,1400.411749,1290.643716,24,289.885232,267.1632492,9.6,156.82734,8,10,7,10,10,19,6,34,20,23,4,1,4283.752186,2525.606598,3879.5,inf,inf,inf,62714132,inf,515.572541,639.1732227,380,83156.86145,103092.4553,61290.32258,7547982,1217416452,156.82734,high,neg
229,229,1366.468055,1324.006461,23,282.8588873,274.0693374,9.2,59.688657,6,6,1,2,0,6,2,9,8,11,2,1,1061.76705,893.3685917,793,inf,inf,inf,5916166,nan,487.7480258,1193.549637,296,78669.03643,192508.006,47741.93548,2717732,438343871,59.688657,low,neg
230,230,1348.97931,1331.97931,23,279.2387172,275.7197172,9.2,12.42621,1,2,22,15,11,2,2,14,11,3,8,1,1293.322414,909.4446778,1052.5,inf,inf,inf,1500254,nan,1533.75431,2275.125208,959.5,247379.7275,366955.6787,154758.0645,1779155,286960483.9,12.42621,neg,neg
231,231,1357.847458,1293.849576,23,281.0744237,267.8268623,9.2,20.224728,3,1,0,4,10,2,0,3,2,4,4,1,1287.336335,1150.947932,966,inf,inf,inf,2430491,nan,2967.379237,2824.797705,2011.5,478609.5544,455612.5331,324435.4839,5602412,903614838.7,20.224728,neg,pos
232,232,1347.515924,1280.235669,23,278.9357962,265.0087834,9.2,6.727293,0,1,9,0,27,0,36,0,0,1,10,1,388.6847134,245.736251,349,inf,inf,inf,244094,nan,5445.348726,2229.393684,5276.5,878282.0526,359579.6265,851048.3871,3419679,551561129,6.727293,neg,pos
233,233,1317.391545,1294.21375,23,272.7000498,267.9022461,9.2,108.450819,12,12,1,12,2,18,2,18,11,34,19,1,1535.025879,1271.031988,1123,inf,inf,inf,15540602,nan,1367.81213,2226.236422,533,220614.8596,359070.3906,85967.74194,13847730,2233504839,108.450819,high,neg
234,234,1322.547323,1338.910959,23,273.7672958,277.1545685,9.2,68.815494,4,6,0,0,6,12,5,20,14,26,2,1,3795.412671,1774.438448,3624,inf,inf,inf,24381731,inf,674.8561644,529.4920686,562,108847.7684,85401.94655,90645.16129,4335276,699238064.5,68.815494,high,neg
235,235,1289.737057,1325.426431,23,266.9755708,274.3632711,9.2,31.451166,0,4,10,2,4,3,5,12,3,14,3,1,1683.768052,1532.718951,1067,inf,inf,inf,4943543,nan,834.2145777,2491.828763,358,134550.7383,401907.8649,57741.93548,2449254,395040967.7,31.451166,low,neg
236,236,1266.838939,1311.441785,23,262.2356604,271.4684495,9.2,66.244554,5,14,4,8,6,16,2,46,18,37,3,1,3148.677878,1577.251311,3047,inf,inf,inf,19471424,inf,713.1253234,565.7757645,586,115020.2135,91254.15556,94516.12903,4409967,711285000,66.244554,high,neg
237,237,1254.757166,1281.979989,23,259.7347334,265.3698578,9.2,79.227801,9,8,1,5,6,7,3,34,7,24,6,1,2130.157112,1694.863784,1473,inf,inf,inf,15754642,inf,862.0559762,1788.625085,344,139041.2865,288487.917,55483.87097,6375766,1028349355,79.227801,high,neg
238,238,1295.96988,1267.114458,23,268.2657651,262.2926928,9.2,7.112934,1,1,12,16,2,0,0,1,2,1,0,1,604.9427711,582.5852565,427.5,inf,inf,inf,401682,nan,2287.516566,1486.209098,1980,368954.2849,239711.1448,319354.8387,1518911,244985645.2,7.112934,neg,pos
239,239,1276.104235,1249.2481,23,264.1535765,258.5943567,9.2,78.927858,5,7,5,6,12,6,3,10,6,11,9,1,1542.483713,1377.681482,1041,inf,inf,inf,11365020,nan,579.2785016,1425.807126,325,93432.01639,229968.8913,52419.35484,4268124,688407096.8,78.927858,low,neg
240,240,1350.64471,1244.934359,23,279.5834549,257.7014122,9.2,186.693093,14,15,3,31,3,15,6,27,18,21,7,1,2995.708458,2190.212461,2239,inf,inf,inf,52209207,inf,617.5613381,1057.892024,367,99606.66743,170627.7457,59193.54839,10762859,1735945000,186.693093,high,neg
241,241,1293.777052,1205.329168,23,267.8118498,249.5031377,9.2,150.871329,8,5,2,6,9,10,9,33,38,35,11,1,3937.745669,2157.177885,3633,inf,inf,inf,55459210,inf,625.0293241,528.1562597,495,100811.1813,85186.49351,79838.70968,8802913,1419824677,150.871329,high,neg
242,242,1231.801352,1182.012257,21,254.98288,244.6765372,8.4,101.380734,4,21,9,8,3,19,6,32,21,22,4,1,2308.63451,1812.023799,1630,inf,inf,inf,21848917,nan,599.1207735,734.8034134,408,96632.38282,118516.6796,65806.45161,5670079,914528871,101.380734,high,neg
243,243,1245.203112,1224.273546,23,257.7570442,253.4246241,9.2,52.318629,1,3,1,1,4,7,3,15,13,17,2,1,2659.894144,1728.209044,2248.5,inf,inf,inf,12990923,inf,565.5014333,485.5784094,453,91209.90859,78319.09829,73064.51613,2761909,445469193.5,52.318629,high,neg
244,244,1424.446743,1370.718732,24,294.8604757,283.7387775,9.6,221.657877,16,14,10,40,17,16,9,39,13,29,14,1,4477.727576,2567.639019,4142.5,inf,inf,inf,92653139,inf,545.476561,508.3471296,415,87980.09048,81991.47251,66935.48387,11287001,1820484032,221.657877,high,neg
245,245,1358.491469,1376.250152,23,281.207734,284.8837815,9.2,140.630418,12,9,4,17,10,16,17,24,26,20,13,1,2965.740021,2125.18752,2309.5,inf,inf,inf,38934235,nan,442.0115783,544.9497872,309,71292.19005,87895.12697,49838.70968,5802728,935923871,140.630418,high,neg
246,246,1390.419779,1431.756797,24,287.8168942,296.373657,9.6,143.415603,10,11,10,22,17,7,11,48,13,28,7,1,4265.8232,2329.07954,4150.5,inf,inf,inf,57110841,inf,823.2965342,714.5873278,654,132789.7636,115256.0206,105483.871,11022294,1777789355,143.415603,high,neg
247,247,1376.563152,1483.046779,24,284.9485725,306.9906833,9.6,119.077371,6,12,10,21,13,15,3,48,20,41,7,1,3322.105254,2031.495779,2954.5,inf,inf,inf,36928522,inf,719.6630083,1012.860499,471,116074.6788,163364.5966,75967.74194,7999774,1290286129,119.077371,high,neg
248,248,1332.399067,1477.144691,24,275.8066068,305.768951,9.6,36.721593,2,3,3,13,4,6,2,15,12,13,0,1,1314.578763,1093.344238,986,inf,inf,inf,4506376,nan,1485.265461,4218.374036,464.5,239558.9453,680382.909,74919.35484,5091490,821208064.5,36.721593,low,neg
249,249,1313.286713,1478.65035,24,271.8503497,306.0806224,9.6,6.127407,0,1,0,4,14,1,23,0,1,2,0,1,704.479021,499.9139799,581,inf,inf,inf,402962,nan,4648.706294,6083.864196,2620.5,749791.3377,981268.4187,422661.2903,2659060,428880645.2,6.127407,neg,pos
250,250,1309.4875,1465.825,24,271.0639125,303.425775,9.6,6.85584,0,2,22,2,0,1,0,35,3,4,41,1,679.4421875,473.9878721,563,inf,inf,inf,434843,nan,3150.489063,4872.974069,1396,508143.3972,785963.5596,225161.2903,2016313,325211774.2,6.85584,neg,pos
251,251,1324.813665,1445.76302,24,274.2364286,299.2729451,9.6,89.682957,6,8,5,3,4,11,3,20,26,27,0,1,4372.45688,1783.634142,4255,inf,inf,inf,36606209,inf,883.634257,1599.618363,648.5,142521.6544,258002.9619,104596.7742,7397786,1193191290,89.682957,high,neg
252,252,1289.469216,1473.268957,24,266.9201277,304.966674,9.6,66.116007,2,7,3,4,3,10,2,17,13,20,3,1,1031.342839,1120.563014,591,inf,inf,inf,6365448,nan,708.543908,670.7119549,561.5,114281.2755,108179.3476,90564.51613,4373133,705344032.3,66.116007,low,neg
253,253,1340.872955,1514.550048,24,277.5607016,313.51186,9.6,89.040222,8,15,8,15,15,10,6,46,23,37,6,1,2457.777671,1611.096082,1980.5,inf,inf,inf,20429048,inf,951.8434793,1707.149981,498,153523.1418,275346.7711,80322.58065,7911723,1276084355,89.040222,high,neg
254,254,1291.628535,1508.58419,24,267.3671067,312.2769274,9.6,66.673044,4,4,1,6,4,6,5,20,13,16,2,1,2592.104113,1784.372048,2031.5,inf,inf,inf,16133256,inf,624.6213046,1473.229824,253,100745.3717,237617.7136,40806.45161,3887643,627039193.5,66.673044,high,neg
255,255,1279.123409,1541.094871,24,264.7785457,319.0066383,9.6,111.107457,9,5,9,7,9,6,9,29,13,15,4,1,3087.492865,2371.209435,2259,inf,inf,inf,32023476,nan,382.4054184,400.1419903,270,61678.2933,64539.0307,43548.3871,3966309,639727258.1,111.107457,high,neg
256,256,1237.828714,1556.885961,24,256.2305438,322.2753939,9.6,94.310649,10,4,3,6,9,12,8,21,14,13,6,1,2198.852453,1672.391622,1604,inf,inf,inf,19358697,inf,394.3447297,708.4870382,272,63603.98866,114272.1029,43870.96774,3471811,559969516.1,94.310649,high,neg
257,257,1281.760724,1596.555965,24,265.3244698,330.4870848,9.6,127.861416,6,4,2,7,4,16,2,35,33,22,3,1,3629.808311,1803.537631,3372,inf,inf,inf,43325392,inf,614.6445208,1029.054101,403,99136.21303,165976.468,65000,7336397,1183289839,127.861416,high,neg
258,258,1222.207584,1613.792416,25,252.9969699,334.0550301,10,176.280786,8,6,2,8,4,17,10,50,15,23,5,1,4401.521451,2280.974151,4161,inf,inf,inf,72431437,inf,458.5623481,592.091752,318,73961.66905,95498.66968,51290.32258,7546102,1217113226,176.280786,high,neg
259,259,1241.662025,1672.861392,25,257.0240392,346.2823082,10,67.70142,6,2,0,1,2,9,1,10,9,11,1,1,2106.538291,1537.804095,1721.5,inf,inf,inf,13313322,nan,355.539557,743.3083715,201,57345.08983,119888.447,32419.35484,2247010,362420967.7,67.70142,low,neg
260,260,1240.046905,1721.203442,25,256.6897094,356.2891124,10,154.384947,7,6,3,12,4,17,4,37,11,24,2,1,4124.164308,2142.681063,3953.5,inf,inf,inf,59437456,inf,397.1332917,404.6244652,288,64053.75673,65262.01052,46451.6129,5723485,923142741.9,154.384947,high,neg
261,261,1717.022715,1470.73391,24,355.423702,304.4419194,9.6,79.227801,7,3,3,4,8,8,1,18,6,13,10,1,1297.170498,1145.313388,903.5,inf,inf,inf,9593873,nan,531.5908599,809.7518081,356,85740.46128,130605.1303,57419.35484,3931646,634136451.6,79.227801,low,neg
262,262,1643.073908,1426.213139,24,340.116299,295.2261198,9.6,114.792471,2,6,0,10,4,13,2,30,12,23,2,1,4270.292926,2634.216482,3878.5,inf,inf,inf,45760459,inf,561.831467,525.7208899,420,90617.97854,84793.69192,67741.93548,6020586,971062258.1,114.792471,high,neg
263,263,1702.015973,1436.936592,24,352.3173064,297.4458746,9.6,88.526034,4,5,3,2,4,11,4,21,10,18,2,1,2489.512585,1868.85195,1896,inf,inf,inf,20573332,nan,451.5187561,463.0862937,325.5,72825.60581,74691.3377,52500,3731351,601830806.5,88.526034,high,neg
264,264,1675.422222,1402.56431,24,346.8124,290.3308121,9.6,63.630765,4,1,5,1,4,8,5,15,9,18,2,1,2372.779293,1921.574442,1680,inf,inf,inf,14094309,nan,593.456734,1740.74896,332,95718.82807,280765.9614,53548.3871,3525133,568569838.7,63.630765,high,neg
265,265,1734.699295,1927.170824,25,359.0827541,398.9243606,10,158.027112,7,6,0,4,24,8,8,22,20,17,6,1,2237.948753,1754.716794,1631,inf,inf,inf,33014220,nan,391.5403335,1047.883923,235,63151.6667,169013.536,37903.22581,5776003,931613387.1,158.027112,high,neg
266,266,1697.268648,1976.213869,25,351.3346101,409.076271,10,73.528884,4,9,4,4,10,2,3,14,15,16,4,1,1984.378059,1737.965515,1436,inf,inf,inf,13620771,nan,409.4981061,586.1796454,262,66048.08162,94545.10409,42258.06452,2810795,453354032.3,73.528884,high,neg
267,267,1727.774527,1987.315835,25,357.649327,411.3743778,10,99.581076,8,7,1,4,11,9,7,20,34,39,3,1,3387.574225,1985.928342,3115.5,inf,inf,inf,31490890,inf,558.4003873,1413.170834,354,90064.57859,227930.7796,57096.77419,5190890,837240322.6,99.581076,high,neg
268,268,1678.302892,1940.969559,25,347.4086986,401.7806986,10,84.455379,4,5,1,0,4,7,6,17,19,20,1,1,2467.422121,1822.662112,1940.5,inf,inf,inf,19453156,inf,371.4641045,666.8120582,244,59913.56524,107550.332,39354.83871,2928623,472358548.4,84.455379,high,neg
269,269,1660.053254,1900.905983,25,343.6310237,393.4875385,10,130.346658,7,7,0,5,5,23,4,16,29,25,1,1,3500.16379,1710.791311,3290,inf,inf,inf,42589993,nan,462.287311,451.2596115,336,74562.46951,72783.80831,54193.54839,5625112,907276129,130.346658,high,neg
270,270,1665.953437,1990.346637,25,344.8523614,412.0017539,10,57.974697,5,2,1,0,1,15,0,17,21,34,3,1,3006.497967,1446.555946,2830,inf,inf,inf,16271167,inf,512.6175166,439.3696209,417,82680.24462,70866.06788,67258.06452,2774286,447465483.9,57.974697,high,neg
271,271,1660.904762,2016.666667,25,343.8072857,417.45,10,1.799658,0,0,0,2,0,0,0,1,0,0,1,1,2907.791667,2007.935892,2463.5,inf,inf,inf,488509,inf,2454.077381,4102.514569,639.5,395818.9324,661695.8982,103145.1613,412285,66497580.65,1.799658,neg,pos
272,272,1638.076429,2014.22736,25,339.0818208,416.9450636,10,66.715893,8,6,14,7,5,8,45,26,15,20,12,1,1402.268304,1044.929841,1095,inf,inf,inf,8733327,nan,440.6425819,839.8501509,309,71071.38418,135459.7018,49838.70968,2744322,442632580.6,66.715893,low,neg
273,273,1637.182365,2046.90982,25,338.8967495,423.7103327,10,21.381651,0,0,0,1,0,1,8,2,1,1,0,1,977.3707415,830.3232625,759,inf,inf,inf,1950832,nan,425.3231463,414.4209016,319.5,68600.50747,66842.0809,51532.25806,848945,136926612.9,21.381651,neg,neg
274,274,1620.940664,1965.021797,25,335.5347174,406.759512,10,176.923521,9,5,3,2,2,13,10,16,11,24,5,1,2030.823807,1364.052894,1651,inf,inf,inf,33541086,nan,325.472451,452.7769672,230,52495.55661,73028.54309,37096.77419,5375503,867016612.9,176.923521,high,neg
275,275,1560.12604,1975.968609,25,322.9460904,409.025502,10,180.180045,13,6,1,2,4,11,4,18,18,21,6,1,2946.171344,1797.816251,2567.5,inf,inf,inf,49554602,inf,316.8812723,310.3168876,242,51109.88263,50051.11091,39032.25806,5329943,859668225.8,180.180045,high,neg
276,276,1413.671922,2016.320658,25,292.6300879,417.3783763,10,184.807737,5,11,3,18,9,10,2,13,5,13,4,1,3326.000058,2003.11248,3136,inf,inf,inf,57380153,nan,288.3597264,333.55591,204,46509.63329,53799.34032,32903.22581,4974782,802384193.5,184.807737,high,neg
277,277,1460.955769,2025.960897,25,302.4178442,419.3739058,10,200.53332,7,1,3,9,14,18,12,32,23,19,4,1,3094.011699,1763.678471,2943.5,inf,inf,inf,57919899,nan,301.3718483,332.3553503,209,48608.36263,53605.70166,33709.67742,5641681,909948548.4,200.53332,high,neg
278,278,1519.927944,2054.682206,25,314.6250843,425.3192166,10,321.710292,14,11,12,18,7,16,8,55,43,24,13,1,3804.007858,2470.855717,3493.5,inf,inf,inf,114241964,nan,379.8483284,533.4685268,263,61265.85943,86043.31077,42419.35484,11407605,1839936290,321.710292,high,neg
279,279,1589.956646,2056.277751,25,329.1210257,425.6494945,10,269.820153,23,6,3,5,12,11,12,25,34,31,6,1,3090.00663,2036.106653,2564,inf,inf,inf,77831087,nan,330.7939892,350.6778087,237,53353.86923,56560.93689,38225.80645,8332039,1343877258,269.820153,high,neg
280,280,1637.13191,2100.985769,25,338.8863054,434.9040542,10,156.570246,8,5,0,5,5,7,11,22,27,15,5,1,2681.202039,2005.369093,1953,inf,inf,inf,39188449,inf,314.7132594,313.3577672,231,50760.20314,50541.57535,37258.06452,4599849,741911129,156.570246,high,neg
281,281,1678.533172,2103.759806,25,347.4563666,435.4782799,10,88.483185,3,4,2,3,2,10,6,14,11,11,4,1,2264.570702,1799.447706,1642,inf,inf,inf,18705354,nan,354.7266344,406.0814606,249,57213.97329,65497.00977,40161.29032,2930042,472587419.4,88.483185,high,neg
282,282,1675.778512,2039.914463,25,346.8861521,422.2622938,10,103.69458,3,8,3,2,9,15,3,7,16,16,2,1,2303.186364,1688.370811,1721,inf,inf,inf,22294844,nan,321.8145661,343.8163442,227,51905.57518,55454.24906,36612.90323,3115165,502445967.7,103.69458,high,neg
283,283,1667.33253,2143.761446,25,345.1378337,443.7586193,10,35.56467,2,5,22,20,5,0,7,1,5,6,13,1,662.6439759,886.2192165,368.5,inf,inf,inf,2199978,nan,1307.807831,2289.563288,866.5,210936.747,369284.4013,139758.0645,4341922,700310000,35.56467,neg,pos
284,284,1641.381686,2159.611061,25,339.7660091,447.0394896,10,47.262447,5,4,0,6,6,2,2,13,14,15,1,1,1276.513146,1447.596861,597.5,inf,inf,inf,5631976,nan,336.6833636,516.1667778,213,54303.76832,83252.70609,34354.83871,1485447,239588225.8,47.262447,neg,neg
285,285,1590.242455,2168.084949,25,329.1801881,448.7935844,10,214.373547,10,11,11,15,8,16,7,46,33,39,10,1,3097.085749,1882.65253,2691,inf,inf,inf,61978880,inf,366.3244553,369.616146,268,59084.58957,59615.50741,43225.80645,7330885,1182400806,214.373547,high,neg
286,286,1550.839988,2129.127885,25,321.0238774,440.7294722,10,137.373894,11,3,2,8,7,22,7,25,14,21,5,1,3326.000624,2305.82824,2692,inf,inf,inf,42652632,nan,309.055053,332.1074258,219,49847.5892,53565.71384,35322.58065,3963322,639245483.9,137.373894,high,neg
287,287,1539.946357,2203.160565,26,318.768896,456.054237,10.4,118.220391,3,1,4,7,3,6,3,27,6,9,4,1,2309.249638,1758.111594,1761,inf,inf,inf,25484879,inf,308.9718195,359.4241327,215,49834.16444,57971.63431,34677.41935,3409813,549969838.7,118.220391,high,neg
288,288,1500.287764,2172.005651,25,310.5595671,449.6051697,10,197.148249,7,9,6,6,16,9,11,26,26,27,4,1,3395.763693,2221.408432,2983,inf,inf,inf,62495635,nan,373.6359487,465.6567978,258,60263.86269,75105.93513,41612.90323,6876396,1109096129,197.148249,high,neg
289,289,1468.325243,2171.752427,25,303.9433252,449.5527524,10,8.826894,0,1,1,1,0,0,6,0,2,2,6,1,1430.433252,1380.646307,852.5,inf,inf,inf,1178677,nan,830.8713592,1119.851934,509.5,134011.5096,180621.2797,82177.41935,684638,110425483.9,8.826894,neg,pos
290,290,1465.492179,2113.372705,25,303.356881,437.4681499,10,189.006939,10,11,5,11,15,8,10,34,12,28,2,1,3329.911585,2385.948233,2739.5,inf,inf,inf,58752960,nan,391.6093856,519.9552501,260,63162.80413,83863.75002,41935.48387,6909556,1114444516,189.006939,high,neg
291,291,1759.445652,2083.838768,25,364.20525,431.354625,10,23.652648,1,19,10,1,8,1,0,3,2,4,13,1,830.7196558,1038.63032,516.5,inf,inf,inf,1834229,nan,1214.521286,1242.824222,918.5,195890.53,200455.5196,148145.1613,2681663,432526290.3,23.652648,neg,pos
292,292,1735.967185,2077.02677,25,359.3452073,429.9445415,10,49.619142,7,3,1,5,9,1,2,16,8,13,0,1,1219.533247,930.8413472,984.5,inf,inf,inf,5648878,nan,458.7996546,536.3172914,294,73999.94429,86502.78894,47419.35484,2125160,342767741.9,49.619142,low,neg
293,293,1706.468052,2074.575065,25,353.2388868,429.4370384,10,82.484325,5,2,5,2,3,2,4,15,6,9,2,1,1413.085455,1350.634171,857,inf,inf,inf,10880758,nan,305.7312987,499.3510291,202,49311.49979,80540.48857,32580.64516,2354131,379698548.4,82.484325,low,neg
294,294,1733.972923,2024.09057,25,358.932395,418.9867479,10,91.782558,5,9,5,2,5,26,6,51,21,33,3,1,3347.119048,1662.510977,3191,inf,inf,inf,28678116,inf,484.8006536,415.3202301,385,78193.65381,66987.13388,62096.77419,4153772,669963225.8,91.782558,high,neg
295,295,1769.219603,2039.28844,25,366.2284579,422.1327071,10,114.535377,11,6,1,2,11,12,10,39,13,38,2,1,2907.556304,1585.89791,2674.5,inf,inf,inf,31087592,inf,468.9559484,437.6995521,353,75638.05619,70596.70195,56935.48387,5014077,808722096.8,114.535377,high,neg
296,296,1800.323968,1958.917161,25,372.6670613,405.4958524,10,324.838269,18,12,6,18,8,26,10,47,27,43,12,1,2992.176098,2210.67953,2316,inf,inf,inf,90734748,nan,321.021732,340.2263368,229,51777.6987,54875.21561,36935.48387,9734663,1570106935,324.838269,high,neg
297,297,1334.800212,1412.295178,24,276.3036439,292.3451017,9.6,80.856063,5,7,14,16,14,10,26,19,20,19,4,1,2503.774642,1808.788784,1914,inf,inf,inf,18898491,nan,3353.098967,2126.315212,3126,540822.414,342954.0665,504193.5484,25309191,4082127581,80.856063,high,pos
298,298,1285.293829,1366.240405,23,266.0558225,282.8117639,9.2,139.559193,6,12,8,22,10,16,13,28,26,21,9,1,3484.931072,2265.114614,3216.5,inf,inf,inf,45401682,inf,504.6555112,466.7364606,385,81396.05019,75280.0743,62096.77419,6574652,1060427742,139.559193,high,neg
299,299,1272.441788,1419.162682,24,263.3954502,293.7666753,9.6,138.016629,9,10,0,14,8,17,14,41,22,20,5,1,2749.725629,1819.256779,2305,inf,inf,inf,35427465,inf,350.8669668,384.2566124,244,56591.44625,61976.87298,39354.83871,4520570,729124193.5,138.016629,high,neg
300,300,1231.618889,1414.858889,24,254.94511,292.87579,9.6,38.5641,1,6,37,11,5,2,0,5,4,10,10,1,1362.831944,1309.70853,911.5,inf,inf,inf,4906195,nan,1369.380278,3032.718368,505.5,220867.7867,489148.1239,81532.25806,4929769,795124032.3,38.5641,low,neg
301,301,1215.915789,1403.063158,24,251.6945684,290.4340737,9.6,4.070655,0,0,8,2,1,3,21,1,0,2,0,1,1559.9,1473.791885,1054,inf,inf,inf,592762,inf,1195.821053,1639.886777,836,192874.3633,264497.8673,134838.7097,454412,73292258.06,4.070655,neg,pos
302,302,1236.090401,1369.54753,23,255.870713,283.4963388,9.2,91.953954,8,7,4,11,2,17,4,22,7,22,8,1,2208.925093,1568.566127,1638,inf,inf,inf,18961413,inf,574.4776328,865.9659928,363.5,92657.68271,139671.9343,58629.03226,4931316,795373548.4,91.953954,high,neg
303,303,1192.994236,1371.955331,23,246.9498069,283.9947536,9.2,118.948824,12,17,2,8,6,25,6,32,42,33,7,1,3131.059168,1884.568969,2717,inf,inf,inf,34767281,nan,547.2571146,501.3092647,432,88267.27654,80856.33301,69677.41935,6076743,980119838.7,118.948824,high,neg
304,304,1199.767311,1432.766506,24,248.3518333,296.5826667,9.6,106.436916,7,5,2,17,10,13,5,21,9,24,8,1,2275.406703,1760.293771,1677.5,inf,inf,inf,22608441,nan,402.0407609,701.0803264,260,64845.28401,113077.472,41935.48387,3994677,644302741.9,106.436916,low,neg
305,305,1344.759498,1185.490663,21,278.365216,245.3965673,8.4,133.088994,13,18,12,40,16,14,2,17,15,24,13,1,892.2317289,892.12414,644,inf,inf,inf,11085087,nan,630.7670637,1349.621979,335,101736.6232,217680.9644,54032.25806,7836650,1263975806,133.088994,low,neg
306,306,1258.493054,1139.188346,21,260.5080622,235.8119876,8.4,237.512007,8,11,7,5,6,17,7,17,25,35,5,1,2344.799702,1952.518787,1627,inf,inf,inf,51988899,nan,452.633637,682.8496132,340,73005.42533,110137.0344,54838.70968,10035793,1618676290,237.512007,high,neg
307,307,1192.886867,1145.906646,21,246.9275815,237.2026756,8.4,54.161136,6,3,0,1,0,6,0,4,13,17,0,1,1344.130142,1400.18187,782,inf,inf,inf,6795922,nan,378.0057358,387.9645309,282,60968.66706,62574.92434,45483.87097,1911197,308257580.6,54.161136,low,neg
308,308,1187.301205,1164.783133,21,245.7713494,241.1101084,8.4,14.225868,3,2,19,2,24,1,0,36,3,10,1,1,707.2326807,618.3116313,497,inf,inf,inf,939205,nan,1503.49247,1139.41505,1223.5,242498.7855,183776.621,197338.7097,1996638,322038387.1,14.225868,neg,neg
309,309,1195.181593,1203.907611,21,247.4025897,249.2088754,8.4,121.048425,5,6,2,12,6,18,7,37,48,26,3,1,2378.788407,1628.135418,1891,inf,inf,inf,26880309,inf,594.1128319,690.7070631,446,95824.6503,111404.365,71935.48387,6713475,1082818548,121.048425,high,neg
310,310,1210.428818,1258.350035,23,250.5587654,260.4784572,9.2,124.005006,7,12,5,8,5,12,4,21,17,26,4,1,3301.099516,1925.561093,2905,inf,inf,inf,38213528,inf,593.3081375,582.3252771,451,95694.86089,93923.4318,72741.93548,6868135,1107763710,124.005006,high,neg
311,311,1207.024249,1315.306972,23,249.8540196,272.2685431,9.2,155.499021,17,18,14,16,12,15,12,24,27,30,8,1,2351.515776,1868.874539,1719,inf,inf,inf,34134603,nan,679.933935,801.2581377,459.5,109666.7637,129235.1835,74112.90323,9869921,1591922742,155.499021,high,neg
312,312,1348,1152.159618,21,279.036,238.4970409,8.4,31.408317,3,9,6,2,0,0,0,26,7,13,11,1,659.2824011,632.4235067,477,inf,inf,inf,1933016,nan,1566.51603,2287.480847,721,252663.8758,368948.5237,116290.3226,4593025,740810483.9,31.408317,low,neg
313,313,1323.477764,1139.693774,21,273.9598971,235.9166112,8.4,33.722163,6,12,1,2,9,2,0,15,4,9,9,1,651.9021601,445.7947523,527,inf,inf,inf,2052188,nan,3485.629288,3203.256837,2759,562198.2723,516654.3286,445000,10972761,1769800161,33.722163,low,pos
314,314,1325.523645,1117.638985,21,274.3833945,231.3512699,8.4,37.150083,6,13,15,9,3,1,50,3,4,6,34,1,668.4195502,862.5814537,365,inf,inf,inf,2318079,nan,3986.012111,2608.928333,3745,642905.1791,420794.8925,604032.2581,13823490,2229595161,37.150083,low,pos
315,315,1235.095985,1484.485153,24,255.6648689,307.2884266,9.6,204.903918,19,8,4,10,6,26,3,33,15,23,14,1,3181.203367,2181.551775,2556,inf,inf,inf,60850058,inf,428.8298306,609.752762,296,69166.10171,98347.21967,47741.93548,8202657,1323009194,204.903918,high,neg
316,316,1157.891225,1468.624301,23,239.6834835,304.0052303,9.2,222.172065,13,15,14,29,16,25,6,47,40,31,4,1,4187.916731,2792.338956,3562,inf,inf,inf,86857393,nan,476.751784,447.6593318,367,76895.44903,72203.11803,59193.54839,9887832,1594811613,222.172065,high,neg
317,317,1169.030417,1616.152955,24,241.9892963,334.5436616,9.6,147.914748,4,6,5,10,6,8,5,38,22,33,3,1,3864.926926,2329.347196,3603.5,inf,inf,inf,53366911,inf,559.2492758,540.7406514,413,90201.49609,87216.23409,66612.90323,7722114,1245502258,147.914748,high,neg
318,318,1189.793259,1680.595011,24,246.2872046,347.8831672,9.6,161.455032,12,9,4,5,2,11,7,32,10,16,5,1,4526.664145,2375.751518,4449,inf,inf,inf,68225882,inf,416.3724124,462.0177417,295,67156.84071,74518.99059,47580.64516,6275565,1012187903,161.455032,high,neg
319,319,1604.019596,1393.793631,24,332.0320563,288.5152817,9.6,69.972417,5,3,1,5,1,12,3,27,13,18,1,1,2396.937844,1786.309312,1750.5,inf,inf,inf,15656798,nan,481.1246173,462.2464202,359,77600.74472,74555.87423,57903.22581,3142706,506888064.5,69.972417,high,neg
320,320,1590.473527,1356.828352,24,329.2280201,280.8634688,9.6,100.352358,5,9,9,3,5,17,8,24,24,39,3,1,3913.274445,2291.598334,3555,inf,inf,inf,36659555,inf,614.8649658,569.6634052,469,99171.76868,91881.19438,75645.16129,5760055,929041129,100.352358,high,neg
321,321,1646.980273,1358.501669,24,340.9249165,281.2098455,9.6,141.187455,8,7,5,11,6,12,12,45,12,21,2,1,3813.878528,2181.979094,3517,inf,inf,inf,50266919,nan,664.0453718,624.8974008,496,107104.0922,100789.9034,80000,8752118,1411631935,141.187455,high,neg
322,322,1605.664511,1313.079345,24,332.3725537,271.8074243,9.6,99.366831,9,1,6,10,7,14,3,22,8,15,2,1,3719.577296,2528.576029,2907.5,inf,inf,inf,34502799,inf,561.8165157,554.8436003,418,90615.56705,89490.90328,67419.35484,5211410,840550000,99.366831,high,neg
323,323,1715.815858,1387.681877,24,355.1738825,287.2501485,9.6,132.40341,1,6,4,7,7,17,6,47,10,29,8,1,3953.975243,2532.824502,3461,inf,inf,inf,48871134,inf,637.5516181,658.8837358,469.5,102830.9061,106271.5703,75725.80645,7880138,1270990000,132.40341,high,neg
324,324,1747.489362,1399.744681,24,361.7302979,289.7471489,9.6,2.013903,0,1,1,0,0,0,0,2,1,2,0,1,1965.308511,1381.689927,1610,inf,inf,inf,369478,inf,766.962766,494.9017673,667,123703.6719,79822.86569,107580.6452,144189,23256290.32,2.013903,neg,neg
325,325,1754.282051,1396.333333,24,363.1363846,289.041,9.6,1.671111,0,0,9,0,21,0,0,3,0,0,0,1,1464.717949,987.0428822,1071,inf,inf,inf,228496,inf,649.4615385,474.3336403,535,104751.861,76505.42586,86290.32258,101316,16341290.32,1.671111,neg,neg
326,326,1756.77453,1546.225887,24,363.6523278,320.0687587,9.6,102.623355,4,10,2,7,9,17,6,29,37,38,9,1,3502.368163,2339.57167,3003.5,inf,inf,inf,33552687,inf,685.7802714,821.4087869,477,110609.7212,132485.2882,76935.48387,6569775,1059641129,102.623355,high,neg
329,329,1779.737522,1568.852026,24,368.4056671,324.7523693,9.6,72.971847,6,10,5,5,5,9,4,27,13,28,6,1,3439.388579,1925.096385,3200,inf,inf,inf,23429115,inf,1019.683793,1486.564092,529,164465.128,239768.4019,85322.58065,6946086,1120336452,72.971847,high,neg
330,330,1806.604927,1586.19801,25,373.9672198,328.3429882,10,90.454239,10,12,6,5,7,5,4,18,14,19,10,1,2377.230341,1841.480665,1905.5,inf,inf,inf,20073333,nan,463.2753434,991.311147,257,74721.82959,159888.8947,41451.6129,3911897,630951129,90.454239,low,neg
331,331,1808.765424,1532.393959,25,374.4144428,317.2055495,10,66.673044,6,16,8,16,8,6,42,8,9,11,7,1,1490.585154,1355.045083,1034.5,inf,inf,inf,9277402,nan,4888.40617,3390.870469,4788,788452.608,546914.5918,772258.0645,30425440,4907329032,66.673044,low,pos
332,332,1624.939615,2204.289079,25,336.3625002,456.2878394,10,100.052415,4,5,2,5,7,8,2,29,8,20,1,1,2829.669593,2000.821736,2224.5,inf,inf,inf,26429114,nan,311.3052463,314.2797617,233,50210.52359,50690.28414,37580.64516,2907591,468966290.3,100.052415,high,neg
333,333,1377.440137,2010.684004,26,285.1301084,416.2115888,10.4,87.326262,3,5,3,2,5,7,1,10,9,16,2,1,2840.870461,1655.338726,2602.5,inf,inf,inf,23158776,nan,291.4723994,323.7136602,199,47011.67732,52211.88069,32096.77419,2376083,383239193.5,87.326262,high,neg
334,334,1346.690632,1997.54902,26,278.7649608,413.4926471,10.4,137.673837,7,7,1,6,9,10,4,38,16,19,7,1,3397.928805,1809.896978,3149,inf,inf,inf,43670181,inf,387.2721755,452.1833286,266,62463.25412,72932.79494,42903.22581,4977222,802777741.9,137.673837,high,neg
335,335,1321.383152,1996.0625,25,273.5263125,413.1849375,10,15.768432,0,0,0,2,2,1,19,0,1,0,2,1,844.1677989,415.3214735,772,inf,inf,inf,1242615,inf,1629.257473,2266.272424,792,262783.4634,365527.8104,127741.9355,2398267,386817258.1,15.768432,neg,pos
336,336,1311.813008,2000.902439,26,271.5452927,414.1868049,10.4,5.270427,0,0,0,2,0,0,0,0,0,0,2,1,752.6361789,370.5136071,712.5,inf,inf,inf,370297,inf,736.7154472,647.7705797,621.5,118825.0721,104479.1258,100241.9355,362464,58461935.48,5.270427,neg,pos
337,337,1316.915903,1968.272273,25,272.601592,407.4323605,10,51.461649,2,4,0,7,3,5,0,1,0,4,3,1,959.5936719,732.2215622,774,inf,inf,inf,4609888,nan,1645.548085,2049.752903,680.5,265410.9814,330605.3069,109758.0645,7905213,1275034355,51.461649,neg,pos
338,338,1372.437051,1901.167825,25,284.0944696,393.5417397,10,363.830859,24,26,13,10,6,34,27,68,25,45,5,1,2409.09195,1786.203247,1960,inf,inf,inf,81822399,nan,478.756448,1106.216076,238,77218.78194,178421.9478,38387.09677,16260484,2622658710,363.830859,high,neg
339,339,1289.544529,1795.05598,25,266.9357176,371.5765878,10,50.518971,6,5,13,23,8,2,1,7,5,4,9,1,1162.222222,1266.38073,704.5,inf,inf,inf,5481040,nan,371.3852841,655.8736818,215,59900.85228,105786.0777,34677.41935,1751453,282492419.4,50.518971,neg,neg
340,340,1284.972299,1833.078255,25,265.9892659,379.4471988,10,123.747912,2,0,4,3,1,19,8,38,14,25,4,1,3482.638504,1951.825627,3203.5,inf,inf,inf,40231440,nan,407.5019044,584.2869762,275,65726.11362,94239.83488,44354.83871,4707462,759268064.5,123.747912,high,neg
341,341,1346.742446,1818.334278,25,278.7756863,376.3951955,10,181.508364,4,5,5,12,11,17,0,24,10,17,3,1,3583.550401,2347.332658,3018,inf,inf,inf,60719678,nan,341.1455382,520.6325459,228,55023.47391,83972.99127,36774.19355,5780370,932317741.9,181.508364,high,neg
342,342,1309.739647,1875.109111,25,271.1161069,388.1475859,10,118.991673,4,8,2,9,3,16,5,31,20,22,2,1,2946.599028,1725.479387,2714,inf,inf,inf,32730822,nan,407.7084084,399.7798733,297,65759.4207,64480.62473,47903.22581,4528825,730455645.2,118.991673,high,neg
343,343,2142.028815,1059.485237,23,443.3999648,219.313444,9.2,120.448539,3,1,1,2,4,9,3,24,22,32,8,2,3636.586891,2598.980474,2942,inf,inf,inf,40889783,nan,907.1882782,1126.343789,633,146320.69,181668.353,102096.7742,10200425,1645229839,120.448539,high,neg
344,344,2169.51369,1095.881488,23,449.0893339,226.8474679,9.2,104.851503,8,4,0,2,5,13,1,23,14,22,4,2,3625.046588,2210.723327,3348.5,inf,inf,inf,35481956,nan,876.6103392,821.0954393,647,141388.7644,132434.7483,104354.8387,8580262,1383913226,104.851503,high,neg
345,345,2148.653789,1138.794948,23,444.7713343,235.7305542,9.2,86.512131,2,3,4,3,4,3,5,3,9,11,2,2,1007.382491,1025.490598,652,inf,inf,inf,8135621,nan,531.3163695,1011.497321,288,85696.18863,163144.7292,46451.6129,4290911,692082419.4,86.512131,low,neg
346,346,2119.752363,1147.586011,23,438.7887391,237.5503043,9.2,22.667121,2,6,2,9,4,2,16,4,1,2,20,2,1017.051985,1102.269486,620,inf,inf,inf,2152082,nan,5960.604442,4483.169398,5384.5,961387.8133,723091.8384,868467.7419,12612639,2034296613,22.667121,low,pos
347,347,2130.124324,1170.668468,23,440.9357351,242.328373,9.2,23.781195,2,6,0,0,1,2,2,10,3,6,5,2,963.5094595,875.548621,663,inf,inf,inf,2138991,nan,862.7189189,1135.057332,625.5,139148.2127,183073.7632,100887.0968,1915236,308909032.3,23.781195,low,neg
348,348,2102.527422,1166.841865,23,435.2231764,241.536266,9.2,46.876806,6,7,8,4,2,4,7,14,4,11,7,2,1429.553931,1376.512955,912.5,inf,inf,inf,6255728,nan,1158.948355,1671.723162,699,186927.154,269632.7681,112741.9355,5071558,817993225.8,46.876806,low,neg
349,349,2105.047096,1200.076923,24,435.7447488,248.4159231,9.6,54.589626,6,8,19,35,2,3,1,8,10,16,9,2,2237.891091,1842.224122,1584,inf,inf,inf,11404293,nan,625.6436421,1356.245651,357,100910.2649,218749.2985,57580.64516,3188280,514238709.7,54.589626,low,neg
350,350,2154.286115,1196.767239,23,445.9372259,247.7308184,9.2,137.331045,7,13,3,1,10,22,3,33,13,36,7,2,3514.115211,2627.263109,2588.5,inf,inf,inf,45050957,inf,715.44961,748.2552285,534,115395.0984,120686.3272,86129.03226,9172064,1479365161,137.331045,high,neg
351,351,2215.261509,1189.030566,24,458.5591325,246.1293272,9.6,113.54985,8,8,4,6,7,4,7,19,21,18,5,2,4817.142642,3208.299805,4274,inf,inf,inf,51061712,inf,666.8738679,726.882465,502,107560.3013,117239.1073,80967.74194,7068863,1140139194,113.54985,high,neg
352,352,2193.058257,1145.952888,23,453.9630593,237.2122477,9.2,84.583926,9,1,3,2,4,7,2,15,7,12,4,2,2486.096251,2023.598681,1780.5,inf,inf,inf,19630216,inf,439.0474924,388.5040027,351,70814.11168,62661.93591,56612.90323,3466719,559148225.8,84.583926,high,neg
353,353,2243.024177,1143.079617,24,464.3060046,236.6174806,9.6,102.794751,6,8,3,5,6,9,8,36,15,22,4,2,4374.70717,2827.383256,3903,inf,inf,inf,41979690,inf,759.716757,684.6906652,593,122534.9608,110433.9783,95645.16129,7290242,1175845484,102.794751,high,neg
354,354,2275.814322,1178.248099,24,471.0935646,243.8973565,9.6,135.231444,10,6,2,4,6,6,4,14,16,20,2,2,4459.840938,2547.51405,4165,inf,inf,inf,56301032,inf,659.3061629,543.9061194,521,106339.7037,87726.79345,84032.25806,8323081,1342432419,135.231444,high,neg
355,355,2293.629551,1117.509367,24,474.7813171,231.324439,9.6,121.219821,10,5,9,8,5,10,1,28,12,17,1,2,3981.108431,2734.777443,3167,inf,inf,inf,45050223,nan,538.4060622,519.3546206,403.5,86839.68745,83766.87429,65080.64516,6092603,982677903.2,121.219821,high,neg
356,356,2352.135172,1099.397241,24,486.8919807,227.575229,9.6,124.2621,5,6,2,2,5,20,4,31,14,31,1,2,4391.821207,2481.994418,4085,inf,inf,inf,50945126,inf,1017.765172,1078.465909,754,164155.673,173946.1144,121612.9032,11806076,1904205806,124.2621,high,neg
357,357,2357.900943,1127.731132,24,488.0854953,233.4403443,9.6,9.083988,1,19,14,19,8,1,24,9,1,1,22,2,1693.145047,1443.490217,1314.5,inf,inf,inf,1435787,inf,3144.576651,3355.167711,2380.5,507189.7824,541156.0824,383951.6129,2666601,430096935.5,9.083988,neg,pos
358,358,2355.74537,1139.726852,24,487.6392917,235.9234583,9.6,9.255384,1,8,0,0,0,2,1,28,2,4,0,2,1200.90625,813.6278478,938,inf,inf,inf,1037583,nan,3565.597222,2114.679644,3045,575096.3262,341077.3619,491129.0323,3080676,496883225.8,9.255384,neg,pos
359,359,2328.613636,1166.881071,24,482.0230227,241.5443817,9.6,137.630988,6,12,13,7,7,10,5,9,24,22,6,2,2473.624611,1993.35618,1896.5,inf,inf,inf,31781129,nan,733.3705635,1393.534755,377,118285.5748,224763.6702,60806.45161,9422345,1519733065,137.630988,high,neg
360,360,2336.96018,985.1727545,23,483.7507572,203.9307602,9.2,143.11566,10,7,8,4,4,15,7,17,22,34,5,2,3839.397904,2476.294129,3315.5,inf,inf,inf,51294356,nan,888.8952844,1420.117256,599,143370.2072,229051.1703,96612.90323,11875641,1915425968,143.11566,high,neg
361,361,2359.254813,1031.985277,24,488.3657463,213.6209524,9.6,37.835667,1,5,8,27,4,1,24,6,8,5,23,2,1811.747735,1436.072915,1371,inf,inf,inf,6399093,nan,3044.882503,3355.496864,2497,491110.0811,541209.1717,402741.9355,10754525,1734600806,37.835667,low,pos
362,362,1794.36718,1054.794078,22,371.4340062,218.3423742,8.8,256.151322,14,11,6,16,13,32,16,33,19,22,5,2,2841.965331,2168.617992,2057,inf,inf,inf,67957075,nan,564.087822,569.9770587,422,90981.90678,91931.78366,68064.51613,13488468,2175559355,256.151322,high,neg
363,363,1888.445055,1085.377416,23,390.9081264,224.673125,9.2,226.157022,15,19,5,6,3,18,13,24,25,27,6,2,3644.397025,2868.363484,2600,inf,inf,inf,76940510,inf,587.4659435,712.6542213,440,94752.57154,114944.2292,70967.74194,12402581,2000416290,226.157022,high,neg